#2026 09 09 05:44:53.255#Z#INFO#9496fad5-ac11-11f1-9fee-eeee0a8f4579.OPERATION#http-nio-0.0.0.0-8080-exec-10#
[XS2StartProcessListener] Operation ID: 9496fad5-ac11-11f1-9fee-eeee0a8f4579#
#2026 09 09 05:44:53.280#Z#DEBUG#9496fad5-ac11-11f1-9fee-eeee0a8f4579.OPERATION#http-nio-0.0.0.0-8080-exec-10#
[XS2StartProcessListener] Process environment: {
  "SKIP_SSL_VALIDATION" : "false",
  "FLOWABLE_JOB_EXECUTOR_MAX_THREADS" : "32",
  "VERSION" : "2.53.0",
  "BASIC_AUTH_ENABLED" : "true",
  "FLOWABLE_JOB_EXECUTOR_QUEUE_CAPACITY" : "16",
  "FLOWABLE_JOB_EXECUTOR_CORE_THREADS" : "8"
}#
#2026 09 09 05:44:53.280#Z#DEBUG#9496fad5-ac11-11f1-9fee-eeee0a8f4579.OPERATION#http-nio-0.0.0.0-8080-exec-10#
[XS2StartProcessListener] Current user: chalapati-leharika.sri@capgemini.com#
#2026 09 09 05:44:53.280#Z#DEBUG#9496fad5-ac11-11f1-9fee-eeee0a8f4579.OPERATION#http-nio-0.0.0.0-8080-exec-10#
[XS2StartProcessListener] Client space: dev#
#2026 09 09 05:44:53.280#Z#DEBUG#9496fad5-ac11-11f1-9fee-eeee0a8f4579.OPERATION#http-nio-0.0.0.0-8080-exec-10#
[XS2StartProcessListener] Client organization: d0df43b9trial#
#2026 09 09 05:44:53.280#Z#INFO#9496fad5-ac11-11f1-9fee-eeee0a8f4579.OPERATION#http-nio-0.0.0.0-8080-exec-10#
[XS2StartProcessListener] Process variables: {
  "keepFiles" : false,
  "skipAppDigestCalculation" : false,
  "abortOnError" : false,
  "mtaId" : "booksodatav4",
  "noFailOnMissingPermissions" : false,
  "isSecurityEnabled" : false,
  "apiRequestPath" : "https://deploy-service.cf.us10-001.hana.ondemand.com/api/v1/spaces/383e080d-c4c5-4598-b9e9-72e78ff581ba/operations",
  "deleteServiceBrokers" : false,
  "appArchiveId" : "9f029f94-8f61-41e9-9e46-1aea2168d2a6",
  "isDisposableUserProvidedServiceEnabled" : false,
  "deleteServiceKeys" : false,
  "noRestartSubscribedApps" : false,
  "noStart" : false,
  "deleteServices" : false
}#
#2026 09 09 05:44:53.661#Z#DEBUG#9496fad5-ac11-11f1-9fee-eeee0a8f4579.OPERATION#flowable-async-job-executor-thread-6812#
[ValidateDeployParametersStep] Executing task "validateParametersTask" of process "9497220b-ac11-11f1-9fee-eeee0a8f4579"...#
#2026 09 09 05:44:53.661#Z#DEBUG#9496fad5-ac11-11f1-9fee-eeee0a8f4579.OPERATION#flowable-async-job-executor-thread-6812#
[ValidateDeployParametersStep] Validating parameters...#
#2026 09 09 05:44:53.664#Z#INFO#9496fad5-ac11-11f1-9fee-eeee0a8f4579.OPERATION#flowable-async-job-executor-thread-6812#
[ValidateDeployParametersStep] Size of mtars is 6,428,835 and size of extension descriptors is 0#
#2026 09 09 05:44:53.698#Z#INFO#9496fad5-ac11-11f1-9fee-eeee0a8f4579.OPERATION#flowable-async-job-executor-thread-6812#
[ValidateDeployParametersStep] Archive was not split! Total size in bytes: 6,428,835#
#2026 09 09 05:44:53.698#Z#INFO#9496fad5-ac11-11f1-9fee-eeee0a8f4579.OPERATION#flowable-async-job-executor-thread-6812#
[ValidateDeployParametersStep] Deploying in org "d0df43b9trial" and space "dev"#
#2026 09 09 05:44:53.709#Z#DEBUG#9496fad5-ac11-11f1-9fee-eeee0a8f4579.OPERATION#flowable-async-job-executor-thread-6812#
[ValidateDeployParametersStep] Parameters validated#
#2026 09 09 05:44:53.709#Z#DEBUG#9496fad5-ac11-11f1-9fee-eeee0a8f4579.OPERATION#flowable-async-job-executor-thread-6812#
Step "Validate Parameters" finished#
#2026 09 09 05:44:53.752#Z#DEBUG#9496fad5-ac11-11f1-9fee-eeee0a8f4579.OPERATION#flowable-async-job-executor-thread-6813#
[DeleteRemainingFileParts] Executing task "deleteRemainingFileParts" of process "9497220b-ac11-11f1-9fee-eeee0a8f4579"...#
#2026 09 09 05:44:53.753#Z#DEBUG#9496fad5-ac11-11f1-9fee-eeee0a8f4579.OPERATION#flowable-async-job-executor-thread-6813#
Step "Delete Remaining File Parts" finished#
#2026 09 09 05:44:53.793#Z#DEBUG#9496fad5-ac11-11f1-9fee-eeee0a8f4579.OPERATION#flowable-async-job-executor-thread-6814#
[XS2ProcessMtaArchiveStep] Executing task "processArchiveTask" of process "9497220b-ac11-11f1-9fee-eeee0a8f4579"...#
#2026 09 09 05:44:53.794#Z#DEBUG#9496fad5-ac11-11f1-9fee-eeee0a8f4579.OPERATION#flowable-async-job-executor-thread-6814#
[XS2ProcessMtaArchiveStep] Processing MTA archive...#
#2026 09 09 05:44:53.794#Z#DEBUG#9496fad5-ac11-11f1-9fee-eeee0a8f4579.OPERATION#flowable-async-job-executor-thread-6814#
[XS2ProcessMtaArchiveStep] MTA Archive ID: 9f029f94-8f61-41e9-9e46-1aea2168d2a6#
#2026 09 09 05:44:53.976#Z#DEBUG#9496fad5-ac11-11f1-9fee-eeee0a8f4579.OPERATION#flowable-async-job-executor-thread-6814#
[XS2ProcessMtaArchiveStep] MTA Descriptor length: 3,226#
#2026 09 09 05:44:53.976#Z#DEBUG#9496fad5-ac11-11f1-9fee-eeee0a8f4579.OPERATION#flowable-async-job-executor-thread-6814#
[XS2ProcessMtaArchiveStep] MTA Archive Modules: [booksodatav4-srv, booksodatav4-app-content, booksodatav4-db-deployer]#
#2026 09 09 05:44:53.976#Z#DEBUG#9496fad5-ac11-11f1-9fee-eeee0a8f4579.OPERATION#flowable-async-job-executor-thread-6814#
[XS2ProcessMtaArchiveStep] MTA Archive Requires: []#
#2026 09 09 05:44:53.976#Z#DEBUG#9496fad5-ac11-11f1-9fee-eeee0a8f4579.OPERATION#flowable-async-job-executor-thread-6814#
[XS2ProcessMtaArchiveStep] MTA Archive Resources: [uaa_booksodatav4]#
#2026 09 09 05:44:53.988#Z#DEBUG#9496fad5-ac11-11f1-9fee-eeee0a8f4579.OPERATION#flowable-async-job-executor-thread-6814#
[XS2ProcessMtaArchiveStep] MTA archive processed#
#2026 09 09 05:44:53.988#Z#DEBUG#9496fad5-ac11-11f1-9fee-eeee0a8f4579.OPERATION#flowable-async-job-executor-thread-6814#
Step "Process Archive" finished#
#2026 09 09 05:44:54.066#Z#DEBUG#9496fad5-ac11-11f1-9fee-eeee0a8f4579.OPERATION#flowable-async-job-executor-thread-6815#
[ProcessMtaExtensionDescriptorsStep] Executing task "processExtensionDescriptorsTask" of process "9497220b-ac11-11f1-9fee-eeee0a8f4579"...#
#2026 09 09 05:44:54.067#Z#DEBUG#9496fad5-ac11-11f1-9fee-eeee0a8f4579.OPERATION#flowable-async-job-executor-thread-6815#
[ProcessMtaExtensionDescriptorsStep] Processing MTA extension descriptors...#
#2026 09 09 05:44:54.069#Z#DEBUG#9496fad5-ac11-11f1-9fee-eeee0a8f4579.OPERATION#flowable-async-job-executor-thread-6815#
[ProcessMtaExtensionDescriptorsStep] Provided extension descriptors: [ ]#
#2026 09 09 05:44:54.069#Z#DEBUG#9496fad5-ac11-11f1-9fee-eeee0a8f4579.OPERATION#flowable-async-job-executor-thread-6815#
[ProcessMtaExtensionDescriptorsStep] No extension descriptors in use#
#2026 09 09 05:44:54.069#Z#DEBUG#9496fad5-ac11-11f1-9fee-eeee0a8f4579.OPERATION#flowable-async-job-executor-thread-6815#
[ProcessMtaExtensionDescriptorsStep] MTA extension descriptors processed#
#2026 09 09 05:44:54.069#Z#DEBUG#9496fad5-ac11-11f1-9fee-eeee0a8f4579.OPERATION#flowable-async-job-executor-thread-6815#
Step "Process Extension Descriptors" finished#
#2026 09 09 05:44:54.125#Z#DEBUG#9496fad5-ac11-11f1-9fee-eeee0a8f4579.OPERATION#flowable-async-job-executor-thread-6816#
[XS2DetectMtaSchemaVersionStep] Executing task "detectSchemaVersionTask" of process "9497220b-ac11-11f1-9fee-eeee0a8f4579"...#
#2026 09 09 05:44:54.126#Z#DEBUG#9496fad5-ac11-11f1-9fee-eeee0a8f4579.OPERATION#flowable-async-job-executor-thread-6816#
[XS2DetectMtaSchemaVersionStep] Detecting MTA major schema version...#
#2026 09 09 05:44:54.129#Z#INFO#9496fad5-ac11-11f1-9fee-eeee0a8f4579.OPERATION#flowable-async-job-executor-thread-6816#
[XS2DetectMtaSchemaVersionStep] Detected MTA schema version: "3"#
#2026 09 09 05:44:54.135#Z#DEBUG#9496fad5-ac11-11f1-9fee-eeee0a8f4579.OPERATION#flowable-async-job-executor-thread-6816#
Step "Detect Schema Version" finished#
#2026 09 09 05:44:54.181#Z#DEBUG#9496fad5-ac11-11f1-9fee-eeee0a8f4579.OPERATION#flowable-async-job-executor-thread-6817#
[MergeDescriptorsStep] Executing task "mergeDescriptorsTask" of process "9497220b-ac11-11f1-9fee-eeee0a8f4579"...#
#2026 09 09 05:44:54.182#Z#DEBUG#9496fad5-ac11-11f1-9fee-eeee0a8f4579.OPERATION#flowable-async-job-executor-thread-6817#
[MergeDescriptorsStep] Validating and merging descriptors...#
#2026 09 09 05:44:54.187#Z#DEBUG#9496fad5-ac11-11f1-9fee-eeee0a8f4579.OPERATION#flowable-async-job-executor-thread-6817#
[MergeDescriptorsStep] Merged deployment descriptor: {
  "majorSchemaVersion" : 3,
  "schemaVersion" : "3.3.0",
  "id" : "booksodatav4",
  "version" : "1.0.0",
  "modules" : [ {
    "majorSchemaVersion" : 3,
    "name" : "booksodatav4-srv",
    "type" : "javascript.nodejs",
    "path" : "booksodatav4-srv",
    "properties" : { },
    "parameters" : {
      "buildpack" : "nodejs_buildpack",
      "instances" : 1
    },
    "requiredDependencies" : [ {
      "majorSchemaVersion" : 3,
      "name" : "booksodatav4-db",
      "properties" : { },
      "parameters" : { },
      "propertiesMetadata" : {
        "metadata" : { }
      },
      "parametersMetadata" : {
        "metadata" : { }
      }
    }, {
      "majorSchemaVersion" : 3,
      "name" : "uaa_booksodatav4",
      "properties" : { },
      "parameters" : { },
      "propertiesMetadata" : {
        "metadata" : { }
      },
      "parametersMetadata" : {
        "metadata" : { }
      }
    } ],
    "providedDependencies" : [ {
      "majorSchemaVersion" : 3,
      "name" : "srv-api",
      "isPublic" : false,
      "properties" : {
        "srv-url" : "${default-url}"
      },
      "parameters" : { },
      "propertiesMetadata" : {
        "metadata" : { }
      },
      "parametersMetadata" : {
        "metadata" : { }
      }
    }, {
      "majorSchemaVersion" : 3,
      "name" : "booksodatav4-srv",
      "isPublic" : false,
      "properties" : { },
      "parameters" : { },
      "propertiesMetadata" : {
        "metadata" : { }
      },
      "parametersMetadata" : {
        "metadata" : { }
      }
    } ],
    "propertiesMetadata" : {
      "metadata" : { }
    },
    "parametersMetadata" : {
      "metadata" : { }
    },
    "hooks" : [ ]
  }, {
    "majorSchemaVersion" : 3,
    "name" : "booksodatav4-db-deployer",
    "type" : "com.sap.xs.hdi",
    "path" : "booksodatav4-db-deployer",
    "properties" : {
      "EXIT" : 1
    },
    "parameters" : {
      "memory" : "256M",
      "buildpack" : "nodejs_buildpack",
      "no-route" : true,
      "dependency-type" : "hard",
      "tasks" : [ {
        "name" : "deploy",
        "memory" : "256M",
        "command" : "npm start"
      } ],
      "no-start" : true
    },
    "requiredDependencies" : [ {
      "majorSchemaVersion" : 3,
      "name" : "booksodatav4-db",
      "properties" : { },
      "parameters" : { },
      "propertiesMetadata" : {
        "metadata" : { }
      },
      "parametersMetadata" : {
        "metadata" : { }
      }
    } ],
    "providedDependencies" : [ {
      "majorSchemaVersion" : 3,
      "name" : "booksodatav4-db-deployer",
      "isPublic" : false,
      "properties" : { },
      "parameters" : { },
      "propertiesMetadata" : {
        "metadata" : { }
      },
      "parametersMetadata" : {
        "metadata" : { }
      }
    } ],
    "propertiesMetadata" : {
      "metadata" : { }
    },
    "parametersMetadata" : {
      "metadata" : { }
    },
    "hooks" : [ ]
  }, {
    "majorSchemaVersion" : 3,
    "name" : "booksodatav4-destination-content",
    "type" : "com.sap.application.content",
    "properties" : { },
    "parameters" : {
      "content" : {
        "instance" : {
          "destinations" : [ {
            "Name" : "booksodatav4capm_booksodatav4_html_repo_host",
            "ServiceInstanceName" : "booksodatav4-html5-app-host-service",
            "ServiceKeyName" : "********",
            "sap.cloud.service" : "booksodatav4capm"
          }, {
            "Authentication" : "********",
            "Name" : "booksodatav4capm_uaa_booksodatav4",
            "ServiceInstanceName" : "booksodatav4-xsuaa-service",
            "ServiceKeyName" : "********",
            "sap.cloud.service" : "booksodatav4capm"
          }, {
            "Authentication" : "********",
            "HTML5.DynamicDestination" : true,
            "HTML5.ForwardAuthToken" : "********",
            "Name" : "srv-api",
            "ProxyType" : "Internet",
            "Type" : "HTTP",
            "URL" : "~{srv-api/srv-url}"
          } ],
          "existing_destinations_policy" : "update"
        }
      }
    },
    "requiredDependencies" : [ {
      "majorSchemaVersion" : 3,
      "name" : "booksodatav4-destination-service",
      "properties" : { },
      "parameters" : {
        "content-target" : true
      },
      "propertiesMetadata" : {
        "metadata" : { }
      },
      "parametersMetadata" : {
        "metadata" : { }
      }
    }, {
      "majorSchemaVersion" : 3,
      "name" : "booksodatav4_html_repo_host",
      "properties" : { },
      "parameters" : {
        "service-key" : "********"
      },
      "propertiesMetadata" : {
        "metadata" : { }
      },
      "parametersMetadata" : {
        "metadata" : { }
      }
    }, {
      "majorSchemaVersion" : 3,
      "name" : "uaa_booksodatav4",
      "properties" : { },
      "parameters" : {
        "service-key" : "********"
      },
      "propertiesMetadata" : {
        "metadata" : { }
      },
      "parametersMetadata" : {
        "metadata" : { }
      }
    }, {
      "majorSchemaVersion" : 3,
      "name" : "srv-api",
      "properties" : { },
      "parameters" : { },
      "propertiesMetadata" : {
        "metadata" : { }
      },
      "parametersMetadata" : {
        "metadata" : { }
      }
    } ],
    "providedDependencies" : [ {
      "majorSchemaVersion" : 3,
      "name" : "booksodatav4-destination-content",
      "isPublic" : false,
      "properties" : { },
      "parameters" : { },
      "propertiesMetadata" : {
        "metadata" : { }
      },
      "parametersMetadata" : {
        "metadata" : { }
      }
    } ],
    "propertiesMetadata" : {
      "metadata" : { }
    },
    "parametersMetadata" : {
      "metadata" : { }
    },
    "hooks" : [ ]
  }, {
    "majorSchemaVersion" : 3,
    "name" : "booksodatav4-app-content",
    "type" : "com.sap.application.content",
    "path" : "booksodatav4-app-content",
    "properties" : { },
    "parameters" : { },
    "requiredDependencies" : [ {
      "majorSchemaVersion" : 3,
      "name" : "booksodatav4_html_repo_host",
      "properties" : { },
      "parameters" : {
        "content-target" : true
      },
      "propertiesMetadata" : {
        "metadata" : { }
      },
      "parametersMetadata" : {
        "metadata" : { }
      }
    } ],
    "providedDependencies" : [ {
      "majorSchemaVersion" : 3,
      "name" : "booksodatav4-app-content",
      "isPublic" : false,
      "properties" : { },
      "parameters" : { },
      "propertiesMetadata" : {
        "metadata" : { }
      },
      "parametersMetadata" : {
        "metadata" : { }
      }
    } ],
    "propertiesMetadata" : {
      "metadata" : { }
    },
    "parametersMetadata" : {
      "metadata" : { }
    },
    "hooks" : [ ]
  } ],
  "resources" : [ {
    "majorSchemaVersion" : 3,
    "name" : "booksodatav4-db",
    "type" : "com.sap.xs.hdi-container",
    "properties" : { },
    "parameters" : {
      "type" : "managed-service",
      "service" : "hana",
      "service-plan" : "hdi-shared"
    },
    "isActive" : true,
    "isOptional" : false,
    "propertiesMetadata" : {
      "metadata" : { }
    },
    "parametersMetadata" : {
      "metadata" : { }
    },
    "requiredDependencies" : [ ],
    "processedAfter" : [ ]
  }, {
    "majorSchemaVersion" : 3,
    "name" : "booksodatav4-destination-service",
    "type" : "org.cloudfoundry.managed-service",
    "properties" : { },
    "parameters" : {
      "service-name" : "booksodatav4-destination-service",
      "service-plan" : "lite",
      "type" : "managed-service",
      "config" : {
        "HTML5Runtime_enabled" : true,
        "init_data" : {
          "instance" : {
            "destinations" : [ {
              "Authentication" : "********",
              "Name" : "ui5",
              "ProxyType" : "Internet",
              "Type" : "HTTP",
              "URL" : "https://ui5.sap.com"
            } ],
            "existing_destinations_policy" : "update"
          }
        },
        "version" : "1.0.0"
      },
      "service" : "destination"
    },
    "isActive" : true,
    "isOptional" : false,
    "propertiesMetadata" : {
      "metadata" : { }
    },
    "parametersMetadata" : {
      "metadata" : { }
    },
    "requiredDependencies" : [ ],
    "processedAfter" : [ ]
  }, {
    "majorSchemaVersion" : 3,
    "name" : "booksodatav4_html_repo_host",
    "type" : "org.cloudfoundry.managed-service",
    "properties" : { },
    "parameters" : {
      "service-name" : "booksodatav4-html5-app-host-service",
      "service-plan" : "app-host",
      "type" : "managed-service",
      "service" : "html5-apps-repo"
    },
    "isActive" : true,
    "isOptional" : false,
    "propertiesMetadata" : {
      "metadata" : { }
    },
    "parametersMetadata" : {
      "metadata" : { }
    },
    "requiredDependencies" : [ ],
    "processedAfter" : [ ]
  }, {
    "majorSchemaVersion" : 3,
    "name" : "uaa_booksodatav4",
    "type" : "org.cloudfoundry.managed-service",
    "properties" : { },
    "parameters" : {
      "path" : "./xs-security.json",
      "service-name" : "booksodatav4-xsuaa-service",
      "service-plan" : "application",
      "type" : "managed-service",
      "service" : "xsuaa"
    },
    "isActive" : true,
    "isOptional" : false,
    "propertiesMetadata" : {
      "metadata" : { }
    },
    "parametersMetadata" : {
      "metadata" : { }
    },
    "requiredDependencies" : [ ],
    "processedAfter" : [ ]
  } ],
  "parameters" : {
    "enable-parallel-deployments" : true,
    "deploy_mode" : "html5-repo"
  },
  "parametersMetadata" : {
    "metadata" : { }
  }
}#
#2026 09 09 05:44:54.190#Z#DEBUG#9496fad5-ac11-11f1-9fee-eeee0a8f4579.OPERATION#flowable-async-job-executor-thread-6817#
[MergeDescriptorsStep] Descriptors validated and merged#
#2026 09 09 05:44:54.190#Z#DEBUG#9496fad5-ac11-11f1-9fee-eeee0a8f4579.OPERATION#flowable-async-job-executor-thread-6817#
Step "Merge Descriptors" finished#
#2026 09 09 05:44:54.239#Z#DEBUG#9496fad5-ac11-11f1-9fee-eeee0a8f4579.OPERATION#flowable-async-job-executor-thread-6818#
[CollectCloudLoggingServiceParametersStep] Executing task "sid-9C5714DF-CEC8-4019-8873-CBBA99AC459A" of process "9497220b-ac11-11f1-9fee-eeee0a8f4579"...#
#2026 09 09 05:44:54.243#Z#DEBUG#9496fad5-ac11-11f1-9fee-eeee0a8f4579.OPERATION#flowable-async-job-executor-thread-6818#
Step "Collect Cloud Logging Service Parameters" finished#
#2026 09 09 05:44:54.283#Z#DEBUG#9496fad5-ac11-11f1-9fee-eeee0a8f4579.OPERATION#flowable-async-job-executor-thread-6819#
[DetectDeployedMtaStep] Executing task "detectDeployedMtaTask" of process "9497220b-ac11-11f1-9fee-eeee0a8f4579"...#
#2026 09 09 05:44:54.284#Z#DEBUG#9496fad5-ac11-11f1-9fee-eeee0a8f4579.OPERATION#flowable-async-job-executor-thread-6819#
[DetectDeployedMtaStep] Detecting deployed MTA...#
#2026 09 09 05:44:54.286#Z#DEBUG#9496fad5-ac11-11f1-9fee-eeee0a8f4579.OPERATION#flowable-async-job-executor-thread-6819#
[DetectDeployedMtaStep] Detecting MTA by id booksodatav4 and namespace null#
#2026 09 09 05:44:54.286#Z#DEBUG#9496fad5-ac11-11f1-9fee-eeee0a8f4579.OPERATION#flowable-async-job-executor-thread-6819#
[DetectDeployedMtaStep] Getting applications by metadata label selector "mta_id=c627ae84dcd02b1759005f1a6237bd4b,!mta_namespace"...#
#2026 09 09 05:44:54.317#Z#DEBUG#9496fad5-ac11-11f1-9fee-eeee0a8f4579.OPERATION#flowable-async-job-executor-thread-6819#
[DetectDeployedMtaStep] Getting service instances by metadata label selector "mta_id=c627ae84dcd02b1759005f1a6237bd4b,!mta_namespace"...#
#2026 09 09 05:44:54.459#Z#DEBUG#9496fad5-ac11-11f1-9fee-eeee0a8f4579.OPERATION#flowable-async-job-executor-thread-6819#
[DetectDeployedMtaStep] Deployed MTA: {
  "metadata" : {
    "id" : "booksodatav4",
    "version" : "1.0.0"
  },
  "applications" : [ {
    "name" : "booksodatav4-srv",
    "metadata" : {
      "guid" : "94794315-8dfe-41b9-b31a-fbf91cff2742",
      "createdAt" : [ 2026, 9, 8, 11, 31, 2 ],
      "updatedAt" : [ 2026, 9, 9, 5, 24, 20 ]
    },
    "v3Metadata" : {
      "annotations" : {
        "mta_id" : "booksodatav4",
        "mta_version" : "1.0.0",
        "mta_module" : "{\"name\":\"booksodatav4-srv\"}",
        "mta_module_provided_dependencies" : "[]",
        "mta_bound_services" : "[\"booksodatav4-db\",\"booksodatav4-xsuaa-service\"]"
      },
      "labels" : {
        "mta_id" : "c627ae84dcd02b1759005f1a6237bd4b"
      }
    },
    "state" : "STARTED",
    "lifecycle" : {
      "type" : "BUILDPACK",
      "data" : {
        "stack" : "cflinuxfs4",
        "buildpacks" : [ "nodejs_buildpack" ]
      }
    },
    "space" : {
      "name" : "dev",
      "metadata" : {
        "guid" : "383e080d-c4c5-4598-b9e9-72e78ff581ba",
        "createdAt" : [ 2026, 8, 10, 7, 25, 49 ],
        "updatedAt" : [ 2026, 8, 10, 7, 25, 49 ]
      },
      "organization" : {
        "name" : "d0df43b9trial",
        "metadata" : {
          "guid" : "188e7b36-f870-46ac-b4b4-fcdce414afb1",
          "createdAt" : [ 2026, 8, 10, 7, 25, 47 ],
          "updatedAt" : [ 2026, 8, 10, 7, 25, 49 ]
        }
      }
    },
    "moduleName" : "booksodatav4-srv",
    "boundMtaServices" : [ "booksodatav4-db", "booksodatav4-xsuaa-service" ],
    "providedDependencyNames" : [ ],
    "productizationState" : "LIVE"
  }, {
    "name" : "booksodatav4-db-deployer",
    "metadata" : {
      "guid" : "c17c2967-9673-4753-9385-930572d5711e",
      "createdAt" : [ 2026, 9, 8, 11, 31, 3 ],
      "updatedAt" : [ 2026, 9, 9, 5, 24 ]
    },
    "v3Metadata" : {
      "annotations" : {
        "mta_id" : "booksodatav4",
        "mta_version" : "1.0.0",
        "mta_module" : "{\"name\":\"booksodatav4-db-deployer\"}",
        "mta_module_provided_dependencies" : "[]",
        "mta_bound_services" : "[\"booksodatav4-db\"]"
      },
      "labels" : {
        "mta_id" : "c627ae84dcd02b1759005f1a6237bd4b"
      }
    },
    "state" : "STOPPED",
    "lifecycle" : {
      "type" : "BUILDPACK",
      "data" : {
        "stack" : "cflinuxfs4",
        "buildpacks" : [ "nodejs_buildpack" ]
      }
    },
    "space" : {
      "name" : "dev",
      "metadata" : {
        "guid" : "383e080d-c4c5-4598-b9e9-72e78ff581ba",
        "createdAt" : [ 2026, 8, 10, 7, 25, 49 ],
        "updatedAt" : [ 2026, 8, 10, 7, 25, 49 ]
      },
      "organization" : {
        "name" : "d0df43b9trial",
        "metadata" : {
          "guid" : "188e7b36-f870-46ac-b4b4-fcdce414afb1",
          "createdAt" : [ 2026, 8, 10, 7, 25, 47 ],
          "updatedAt" : [ 2026, 8, 10, 7, 25, 49 ]
        }
      }
    },
    "moduleName" : "booksodatav4-db-deployer",
    "boundMtaServices" : [ "booksodatav4-db" ],
    "providedDependencyNames" : [ ],
    "productizationState" : "LIVE"
  } ],
  "services" : [ {
    "name" : "booksodatav4-xsuaa-service",
    "metadata" : {
      "guid" : "165ce54e-c848-49f7-9ed6-911bede74e19",
      "createdAt" : [ 2026, 9, 8, 11, 9, 44 ],
      "updatedAt" : [ 2026, 9, 8, 11, 9, 44 ]
    },
    "v3Metadata" : {
      "annotations" : {
        "mta_id" : "booksodatav4",
        "mta_version" : "1.0.0",
        "mta_resource" : "{\"name\":\"uaa_booksodatav4\"}"
      },
      "labels" : {
        "mta_id" : "c627ae84dcd02b1759005f1a6237bd4b"
      }
    },
    "label" : "xsuaa",
    "plan" : "application",
    "credentials" : "********",
    "tags" : [ ],
    "type" : "managed",
    "lastOperation" : {
      "type" : "UPDATE",
      "description" : "",
      "state" : "SUCCEEDED"
    },
    "resourceName" : "uaa_booksodatav4"
  }, {
    "name" : "booksodatav4-db",
    "metadata" : {
      "guid" : "8c00239a-6ad2-4b0e-922a-c0cdff9359aa",
      "createdAt" : [ 2026, 9, 8, 11, 39, 13 ],
      "updatedAt" : [ 2026, 9, 8, 11, 39, 13 ]
    },
    "v3Metadata" : {
      "annotations" : {
        "mta_id" : "booksodatav4",
        "mta_version" : "1.0.0",
        "mta_resource" : "{\"name\":\"booksodatav4-db\"}"
      },
      "labels" : {
        "mta_id" : "c627ae84dcd02b1759005f1a6237bd4b"
      }
    },
    "label" : "hana",
    "plan" : "hdi-shared",
    "credentials" : "********",
    "tags" : [ ],
    "type" : "managed",
    "lastOperation" : {
      "type" : "CREATE",
      "state" : "SUCCEEDED"
    },
    "resourceName" : "booksodatav4-db"
  }, {
    "name" : "booksodatav4-destination-service",
    "metadata" : {
      "guid" : "892a90a3-be6b-414b-8300-cc84efbef906",
      "createdAt" : [ 2026, 9, 8, 11, 9, 43 ],
      "updatedAt" : [ 2026, 9, 8, 11, 9, 46 ]
    },
    "v3Metadata" : {
      "annotations" : {
        "mta_id" : "booksodatav4",
        "mta_version" : "1.0.0",
        "mta_resource" : "{\"name\":\"booksodatav4-destination-service\"}"
      },
      "labels" : {
        "mta_id" : "c627ae84dcd02b1759005f1a6237bd4b"
      }
    },
    "label" : "destination",
    "plan" : "lite",
    "credentials" : "********",
    "tags" : [ ],
    "type" : "managed",
    "lastOperation" : {
      "type" : "UPDATE",
      "description" : "",
      "state" : "SUCCEEDED"
    },
    "resourceName" : "booksodatav4-destination-service"
  }, {
    "name" : "booksodatav4-html5-app-host-service",
    "metadata" : {
      "guid" : "3227500a-b210-4102-9438-9b59e8033a7a",
      "createdAt" : [ 2026, 9, 8, 11, 9, 44 ],
      "updatedAt" : [ 2026, 9, 8, 11, 9, 45 ]
    },
    "v3Metadata" : {
      "annotations" : {
        "mta_id" : "booksodatav4",
        "mta_version" : "1.0.0",
        "mta_resource" : "{\"name\":\"booksodatav4_html_repo_host\"}"
      },
      "labels" : {
        "mta_id" : "c627ae84dcd02b1759005f1a6237bd4b"
      }
    },
    "label" : "html5-apps-repo",
    "plan" : "app-host",
    "credentials" : "********",
    "tags" : [ ],
    "type" : "managed",
    "lastOperation" : {
      "type" : "CREATE",
      "description" : "",
      "state" : "SUCCEEDED"
    },
    "resourceName" : "booksodatav4_html_repo_host"
  } ]
}#
#2026 09 09 05:44:54.459#Z#INFO#9496fad5-ac11-11f1-9fee-eeee0a8f4579.OPERATION#flowable-async-job-executor-thread-6819#
[DetectDeployedMtaStep] Detected deployed MTA with ID "booksodatav4" and version "1.0.0"#
#2026 09 09 05:44:54.466#Z#DEBUG#9496fad5-ac11-11f1-9fee-eeee0a8f4579.OPERATION#flowable-async-job-executor-thread-6819#
[DetectDeployedMtaStep] Detecting backup mta by id "booksodatav4" and namespace "null"#
#2026 09 09 05:44:54.466#Z#DEBUG#9496fad5-ac11-11f1-9fee-eeee0a8f4579.OPERATION#flowable-async-job-executor-thread-6819#
[DetectDeployedMtaStep] Getting applications by metadata label selector "mta_id=c627ae84dcd02b1759005f1a6237bd4b,mta_namespace=b698114a0995e936895b9598a6c19a2c"...#
#2026 09 09 05:44:54.497#Z#DEBUG#9496fad5-ac11-11f1-9fee-eeee0a8f4579.OPERATION#flowable-async-job-executor-thread-6819#
[DetectDeployedMtaStep] Getting service instances by metadata label selector "mta_id=c627ae84dcd02b1759005f1a6237bd4b,mta_namespace=b698114a0995e936895b9598a6c19a2c"...#
#2026 09 09 05:44:54.568#Z#DEBUG#9496fad5-ac11-11f1-9fee-eeee0a8f4579.OPERATION#flowable-async-job-executor-thread-6819#
[DetectDeployedMtaStep] Deployed MTA service keys: [ {
  "name" : "********",
  "metadata" : {
    "guid" : "4790b3b6-df98-4116-86fb-714274162c98",
    "createdAt" : [ 2026, 9, 8, 11, 31, 3 ],
    "updatedAt" : [ 2026, 9, 8, 11, 31, 4 ]
  },
  "v3Metadata" : {
    "annotations" : {
      "mta_id" : "booksodatav4",
      "mta_version" : "1.0.0"
    },
    "labels" : {
      "mta_id" : "c627ae84dcd02b1759005f1a6237bd4b",
      "space_guid" : "383e080d-c4c5-4598-b9e9-72e78ff581ba"
    }
  },
  "serviceInstance" : {
    "name" : "booksodatav4-html5-app-host-service",
    "metadata" : {
      "guid" : "3227500a-b210-4102-9438-9b59e8033a7a",
      "createdAt" : [ 2026, 9, 8, 11, 9, 44 ],
      "updatedAt" : [ 2026, 9, 8, 11, 9, 45 ]
    },
    "v3Metadata" : {
      "annotations" : {
        "mta_id" : "booksodatav4",
        "mta_version" : "1.0.0",
        "mta_resource" : "{\"name\":\"booksodatav4_html_repo_host\"}"
      },
      "labels" : {
        "mta_id" : "c627ae84dcd02b1759005f1a6237bd4b"
      }
    },
    "credentials" : "********",
    "tags" : [ ],
    "type" : "managed"
  }
}, {
  "name" : "********",
  "metadata" : {
    "guid" : "fbd19148-03e4-4323-866c-8dd22b25dbdf",
    "createdAt" : [ 2026, 9, 8, 11, 31, 3 ],
    "updatedAt" : [ 2026, 9, 8, 11, 31, 4 ]
  },
  "v3Metadata" : {
    "annotations" : {
      "mta_id" : "booksodatav4",
      "mta_version" : "1.0.0"
    },
    "labels" : {
      "mta_id" : "c627ae84dcd02b1759005f1a6237bd4b",
      "space_guid" : "383e080d-c4c5-4598-b9e9-72e78ff581ba"
    }
  },
  "serviceInstance" : {
    "name" : "booksodatav4-destination-service",
    "metadata" : {
      "guid" : "892a90a3-be6b-414b-8300-cc84efbef906",
      "createdAt" : [ 2026, 9, 8, 11, 9, 43 ],
      "updatedAt" : [ 2026, 9, 8, 11, 9, 46 ]
    },
    "v3Metadata" : {
      "annotations" : {
        "mta_id" : "booksodatav4",
        "mta_version" : "1.0.0",
        "mta_resource" : "{\"name\":\"booksodatav4-destination-service\"}"
      },
      "labels" : {
        "mta_id" : "c627ae84dcd02b1759005f1a6237bd4b"
      }
    },
    "credentials" : "********",
    "tags" : [ ],
    "type" : "managed"
  }
}, {
  "name" : "********",
  "metadata" : {
    "guid" : "aba2359b-94ff-406b-8e4e-1c02989ed506",
    "createdAt" : [ 2026, 9, 8, 11, 31, 3 ],
    "updatedAt" : [ 2026, 9, 8, 11, 31, 4 ]
  },
  "v3Metadata" : {
    "annotations" : {
      "mta_id" : "booksodatav4",
      "mta_version" : "1.0.0"
    },
    "labels" : {
      "mta_id" : "c627ae84dcd02b1759005f1a6237bd4b",
      "space_guid" : "383e080d-c4c5-4598-b9e9-72e78ff581ba"
    }
  },
  "serviceInstance" : {
    "name" : "booksodatav4-xsuaa-service",
    "metadata" : {
      "guid" : "165ce54e-c848-49f7-9ed6-911bede74e19",
      "createdAt" : [ 2026, 9, 8, 11, 9, 44 ],
      "updatedAt" : [ 2026, 9, 8, 11, 9, 44 ]
    },
    "v3Metadata" : {
      "annotations" : {
        "mta_id" : "booksodatav4",
        "mta_version" : "1.0.0",
        "mta_resource" : "{\"name\":\"uaa_booksodatav4\"}"
      },
      "labels" : {
        "mta_id" : "c627ae84dcd02b1759005f1a6237bd4b"
      }
    },
    "credentials" : "********",
    "tags" : [ ],
    "type" : "managed"
  }
}, {
  "name" : "********",
  "metadata" : {
    "guid" : "38339e8b-90b3-48e2-a422-bde6d60f1292",
    "createdAt" : [ 2026, 9, 8, 11, 31, 6 ],
    "updatedAt" : [ 2026, 9, 8, 11, 31, 8 ]
  },
  "v3Metadata" : {
    "annotations" : {
      "mta_id" : "booksodatav4",
      "mta_version" : "1.0.0"
    },
    "labels" : {
      "mta_id" : "c627ae84dcd02b1759005f1a6237bd4b",
      "space_guid" : "383e080d-c4c5-4598-b9e9-72e78ff581ba"
    }
  },
  "serviceInstance" : {
    "name" : "booksodatav4-html5-app-host-service",
    "metadata" : {
      "guid" : "3227500a-b210-4102-9438-9b59e8033a7a",
      "createdAt" : [ 2026, 9, 8, 11, 9, 44 ],
      "updatedAt" : [ 2026, 9, 8, 11, 9, 45 ]
    },
    "v3Metadata" : {
      "annotations" : {
        "mta_id" : "booksodatav4",
        "mta_version" : "1.0.0",
        "mta_resource" : "{\"name\":\"booksodatav4_html_repo_host\"}"
      },
      "labels" : {
        "mta_id" : "c627ae84dcd02b1759005f1a6237bd4b"
      }
    },
    "credentials" : "********",
    "tags" : [ ],
    "type" : "managed"
  }
} ]#
#2026 09 09 05:44:54.568#Z#DEBUG#9496fad5-ac11-11f1-9fee-eeee0a8f4579.OPERATION#flowable-async-job-executor-thread-6819#
Step "Detect Deployed MTA" finished#
#2026 09 09 05:44:54.619#Z#DEBUG#9496fad5-ac11-11f1-9fee-eeee0a8f4579.OPERATION#flowable-async-job-executor-thread-6819#
[XS2CollectSystemParametersStep] Executing task "collectSystemParametersTask" of process "9497220b-ac11-11f1-9fee-eeee0a8f4579"...#
#2026 09 09 05:44:54.621#Z#DEBUG#9496fad5-ac11-11f1-9fee-eeee0a8f4579.OPERATION#flowable-async-job-executor-thread-6819#
[XS2CollectSystemParametersStep] Collecting system parameters...#
#2026 09 09 05:44:54.622#Z#DEBUG#9496fad5-ac11-11f1-9fee-eeee0a8f4579.OPERATION#flowable-async-job-executor-thread-6819#
[XS2CollectSystemParametersStep] Getting default domain...#
#2026 09 09 05:44:54.650#Z#DEBUG#9496fad5-ac11-11f1-9fee-eeee0a8f4579.OPERATION#flowable-async-job-executor-thread-6819#
[XS2CollectSystemParametersStep] Default domain: cfapps.us10-001.hana.ondemand.com#
#2026 09 09 05:44:54.653#Z#DEBUG#9496fad5-ac11-11f1-9fee-eeee0a8f4579.OPERATION#flowable-async-job-executor-thread-6819#
[XS2CollectSystemParametersStep] Checking for overwriting read-only parameters for mta with id: "booksodatav4"#
#2026 09 09 05:44:54.653#Z#DEBUG#9496fad5-ac11-11f1-9fee-eeee0a8f4579.OPERATION#flowable-async-job-executor-thread-6819#
[XS2CollectSystemParametersStep] No read-only parameters are overwritten#
#2026 09 09 05:44:54.663#Z#DEBUG#9496fad5-ac11-11f1-9fee-eeee0a8f4579.OPERATION#flowable-async-job-executor-thread-6819#
[XS2CollectSystemParametersStep] Descriptor with system parameters: {
  "majorSchemaVersion" : 3,
  "schemaVersion" : "3.3.0",
  "id" : "booksodatav4",
  "version" : "1.0.0",
  "modules" : [ {
    "majorSchemaVersion" : 3,
    "name" : "booksodatav4-srv",
    "type" : "javascript.nodejs",
    "path" : "booksodatav4-srv",
    "properties" : { },
    "parameters" : {
      "default-url" : "${protocol}://${default-uri}",
      "default-app-name" : "booksodatav4-srv",
      "generated-password" : "********",
      "default-live-url" : "${protocol}://${default-live-uri}",
      "default-uri" : "${host}.${domain}",
      "default-instances" : 1,
      "default-live-host" : "d0df43b9trial-dev-booksodatav4-srv",
      "instances" : 1,
      "buildpack" : "nodejs_buildpack",
      "default-host" : "d0df43b9trial-dev-booksodatav4-srv",
      "app-name" : "${default-app-name}",
      "default-live-uri" : "d0df43b9trial-dev-booksodatav4-srv.${domain}",
      "protocol" : "https",
      "default-live-app-name" : "booksodatav4-srv",
      "default-live-domain" : "cfapps.us10-001.hana.ondemand.com",
      "domain" : "${default-domain}",
      "host" : "${default-host}",
      "generated-user" : "********"
    },
    "requiredDependencies" : [ {
      "majorSchemaVersion" : 3,
      "name" : "booksodatav4-db",
      "properties" : { },
      "parameters" : { },
      "propertiesMetadata" : {
        "metadata" : { }
      },
      "parametersMetadata" : {
        "metadata" : { }
      }
    }, {
      "majorSchemaVersion" : 3,
      "name" : "uaa_booksodatav4",
      "properties" : { },
      "parameters" : { },
      "propertiesMetadata" : {
        "metadata" : { }
      },
      "parametersMetadata" : {
        "metadata" : { }
      }
    } ],
    "providedDependencies" : [ {
      "majorSchemaVersion" : 3,
      "name" : "srv-api",
      "isPublic" : false,
      "properties" : {
        "srv-url" : "${default-url}"
      },
      "parameters" : { },
      "propertiesMetadata" : {
        "metadata" : { }
      },
      "parametersMetadata" : {
        "metadata" : { }
      }
    }, {
      "majorSchemaVersion" : 3,
      "name" : "booksodatav4-srv",
      "isPublic" : false,
      "properties" : { },
      "parameters" : { },
      "propertiesMetadata" : {
        "metadata" : { }
      },
      "parametersMetadata" : {
        "metadata" : { }
      }
    } ],
    "propertiesMetadata" : {
      "metadata" : { }
    },
    "parametersMetadata" : {
      "metadata" : { }
    },
    "hooks" : [ ]
  }, {
    "majorSchemaVersion" : 3,
    "name" : "booksodatav4-db-deployer",
    "type" : "com.sap.xs.hdi",
    "path" : "booksodatav4-db-deployer",
    "properties" : {
      "EXIT" : 1
    },
    "parameters" : {
      "default-url" : "${protocol}://${default-uri}",
      "default-app-name" : "booksodatav4-db-deployer",
      "generated-password" : "********",
      "default-live-url" : "${protocol}://${default-live-uri}",
      "default-uri" : "${host}.${domain}",
      "memory" : "256M",
      "default-instances" : 1,
      "no-route" : true,
      "default-live-host" : "d0df43b9trial-dev-booksodatav4-db-deployer",
      "instances" : "${default-instances}",
      "buildpack" : "nodejs_buildpack",
      "default-host" : "d0df43b9trial-dev-booksodatav4-db-deployer",
      "app-name" : "${default-app-name}",
      "default-live-uri" : "d0df43b9trial-dev-booksodatav4-db-deployer.${domain}",
      "protocol" : "https",
      "default-live-app-name" : "booksodatav4-db-deployer",
      "default-live-domain" : "cfapps.us10-001.hana.ondemand.com",
      "dependency-type" : "hard",
      "domain" : "${default-domain}",
      "host" : "${default-host}",
      "generated-user" : "********",
      "tasks" : [ {
        "name" : "deploy",
        "memory" : "256M",
        "command" : "npm start"
      } ],
      "no-start" : true
    },
    "requiredDependencies" : [ {
      "majorSchemaVersion" : 3,
      "name" : "booksodatav4-db",
      "properties" : { },
      "parameters" : { },
      "propertiesMetadata" : {
        "metadata" : { }
      },
      "parametersMetadata" : {
        "metadata" : { }
      }
    } ],
    "providedDependencies" : [ {
      "majorSchemaVersion" : 3,
      "name" : "booksodatav4-db-deployer",
      "isPublic" : false,
      "properties" : { },
      "parameters" : { },
      "propertiesMetadata" : {
        "metadata" : { }
      },
      "parametersMetadata" : {
        "metadata" : { }
      }
    } ],
    "propertiesMetadata" : {
      "metadata" : { }
    },
    "parametersMetadata" : {
      "metadata" : { }
    },
    "hooks" : [ ]
  }, {
    "majorSchemaVersion" : 3,
    "name" : "booksodatav4-destination-content",
    "type" : "com.sap.application.content",
    "properties" : { },
    "parameters" : {
      "default-url" : "${protocol}://${default-uri}",
      "default-app-name" : "booksodatav4-destination-content",
      "generated-password" : "********",
      "default-live-url" : "${protocol}://${default-live-uri}",
      "default-uri" : "${host}.${domain}",
      "default-instances" : 1,
      "default-live-host" : "d0df43b9trial-dev-booksodatav4-destination-content",
      "instances" : "${default-instances}",
      "default-host" : "d0df43b9trial-dev-booksodatav4-destination-content",
      "content" : {
        "instance" : {
          "destinations" : [ {
            "Name" : "booksodatav4capm_booksodatav4_html_repo_host",
            "ServiceInstanceName" : "booksodatav4-html5-app-host-service",
            "ServiceKeyName" : "********",
            "sap.cloud.service" : "booksodatav4capm"
          }, {
            "Authentication" : "********",
            "Name" : "booksodatav4capm_uaa_booksodatav4",
            "ServiceInstanceName" : "booksodatav4-xsuaa-service",
            "ServiceKeyName" : "********",
            "sap.cloud.service" : "booksodatav4capm"
          }, {
            "Authentication" : "********",
            "HTML5.DynamicDestination" : true,
            "HTML5.ForwardAuthToken" : "********",
            "Name" : "srv-api",
            "ProxyType" : "Internet",
            "Type" : "HTTP",
            "URL" : "~{srv-api/srv-url}"
          } ],
          "existing_destinations_policy" : "update"
        }
      },
      "app-name" : "${default-app-name}",
      "default-live-uri" : "d0df43b9trial-dev-booksodatav4-destination-content.${domain}",
      "protocol" : "https",
      "default-live-app-name" : "booksodatav4-destination-content",
      "default-live-domain" : "cfapps.us10-001.hana.ondemand.com",
      "domain" : "${default-domain}",
      "host" : "${default-host}",
      "generated-user" : "********"
    },
    "requiredDependencies" : [ {
      "majorSchemaVersion" : 3,
      "name" : "booksodatav4-destination-service",
      "properties" : { },
      "parameters" : {
        "content-target" : true
      },
      "propertiesMetadata" : {
        "metadata" : { }
      },
      "parametersMetadata" : {
        "metadata" : { }
      }
    }, {
      "majorSchemaVersion" : 3,
      "name" : "booksodatav4_html_repo_host",
      "properties" : { },
      "parameters" : {
        "service-key" : "********"
      },
      "propertiesMetadata" : {
        "metadata" : { }
      },
      "parametersMetadata" : {
        "metadata" : { }
      }
    }, {
      "majorSchemaVersion" : 3,
      "name" : "uaa_booksodatav4",
      "properties" : { },
      "parameters" : {
        "service-key" : "********"
      },
      "propertiesMetadata" : {
        "metadata" : { }
      },
      "parametersMetadata" : {
        "metadata" : { }
      }
    }, {
      "majorSchemaVersion" : 3,
      "name" : "srv-api",
      "properties" : { },
      "parameters" : { },
      "propertiesMetadata" : {
        "metadata" : { }
      },
      "parametersMetadata" : {
        "metadata" : { }
      }
    } ],
    "providedDependencies" : [ {
      "majorSchemaVersion" : 3,
      "name" : "booksodatav4-destination-content",
      "isPublic" : false,
      "properties" : { },
      "parameters" : { },
      "propertiesMetadata" : {
        "metadata" : { }
      },
      "parametersMetadata" : {
        "metadata" : { }
      }
    } ],
    "propertiesMetadata" : {
      "metadata" : { }
    },
    "parametersMetadata" : {
      "metadata" : { }
    },
    "hooks" : [ ]
  }, {
    "majorSchemaVersion" : 3,
    "name" : "booksodatav4-app-content",
    "type" : "com.sap.application.content",
    "path" : "booksodatav4-app-content",
    "properties" : { },
    "parameters" : {
      "default-url" : "${protocol}://${default-uri}",
      "default-app-name" : "booksodatav4-app-content",
      "generated-password" : "********",
      "default-live-url" : "${protocol}://${default-live-uri}",
      "default-uri" : "${host}.${domain}",
      "default-instances" : 1,
      "default-live-host" : "d0df43b9trial-dev-booksodatav4-app-content",
      "instances" : "${default-instances}",
      "default-host" : "d0df43b9trial-dev-booksodatav4-app-content",
      "app-name" : "${default-app-name}",
      "default-live-uri" : "d0df43b9trial-dev-booksodatav4-app-content.${domain}",
      "protocol" : "https",
      "default-live-app-name" : "booksodatav4-app-content",
      "default-live-domain" : "cfapps.us10-001.hana.ondemand.com",
      "domain" : "${default-domain}",
      "host" : "${default-host}",
      "generated-user" : "********"
    },
    "requiredDependencies" : [ {
      "majorSchemaVersion" : 3,
      "name" : "booksodatav4_html_repo_host",
      "properties" : { },
      "parameters" : {
        "content-target" : true
      },
      "propertiesMetadata" : {
        "metadata" : { }
      },
      "parametersMetadata" : {
        "metadata" : { }
      }
    } ],
    "providedDependencies" : [ {
      "majorSchemaVersion" : 3,
      "name" : "booksodatav4-app-content",
      "isPublic" : false,
      "properties" : { },
      "parameters" : { },
      "propertiesMetadata" : {
        "metadata" : { }
      },
      "parametersMetadata" : {
        "metadata" : { }
      }
    } ],
    "propertiesMetadata" : {
      "metadata" : { }
    },
    "parametersMetadata" : {
      "metadata" : { }
    },
    "hooks" : [ ]
  } ],
  "resources" : [ {
    "majorSchemaVersion" : 3,
    "name" : "booksodatav4-db",
    "type" : "com.sap.xs.hdi-container",
    "properties" : { },
    "parameters" : {
      "generated-password" : "********",
      "service-name" : "${default-service-name}",
      "service-plan" : "hdi-shared",
      "service" : "hana",
      "generated-user" : "********",
      "default-xsappname" : "booksodatav4-db",
      "type" : "managed-service",
      "default-service-name" : "booksodatav4-db",
      "default-container-name" : "D0DF43B9TRIAL_DEV_BOOKSODATAV4_DB"
    },
    "isActive" : true,
    "isOptional" : false,
    "propertiesMetadata" : {
      "metadata" : { }
    },
    "parametersMetadata" : {
      "metadata" : { }
    },
    "requiredDependencies" : [ ],
    "processedAfter" : [ ]
  }, {
    "majorSchemaVersion" : 3,
    "name" : "booksodatav4-destination-service",
    "type" : "org.cloudfoundry.managed-service",
    "properties" : { },
    "parameters" : {
      "generated-password" : "********",
      "service-name" : "booksodatav4-destination-service",
      "service-plan" : "lite",
      "service" : "destination",
      "generated-user" : "********",
      "default-xsappname" : "booksodatav4-destination-service",
      "type" : "managed-service",
      "config" : {
        "HTML5Runtime_enabled" : true,
        "init_data" : {
          "instance" : {
            "destinations" : [ {
              "Authentication" : "********",
              "Name" : "ui5",
              "ProxyType" : "Internet",
              "Type" : "HTTP",
              "URL" : "https://ui5.sap.com"
            } ],
            "existing_destinations_policy" : "update"
          }
        },
        "version" : "1.0.0"
      },
      "default-service-name" : "booksodatav4-destination-service",
      "default-container-name" : "D0DF43B9TRIAL_DEV_BOOKSODATAV4_DESTINATION_SERVICE"
    },
    "isActive" : true,
    "isOptional" : false,
    "propertiesMetadata" : {
      "metadata" : { }
    },
    "parametersMetadata" : {
      "metadata" : { }
    },
    "requiredDependencies" : [ ],
    "processedAfter" : [ ]
  }, {
    "majorSchemaVersion" : 3,
    "name" : "booksodatav4_html_repo_host",
    "type" : "org.cloudfoundry.managed-service",
    "properties" : { },
    "parameters" : {
      "generated-password" : "********",
      "service-name" : "booksodatav4-html5-app-host-service",
      "service-plan" : "app-host",
      "service" : "html5-apps-repo",
      "generated-user" : "********",
      "default-xsappname" : "booksodatav4_html_repo_host",
      "type" : "managed-service",
      "default-service-name" : "booksodatav4_html_repo_host",
      "default-container-name" : "D0DF43B9TRIAL_DEV_BOOKSODATAV4_HTML_REPO_HOST"
    },
    "isActive" : true,
    "isOptional" : false,
    "propertiesMetadata" : {
      "metadata" : { }
    },
    "parametersMetadata" : {
      "metadata" : { }
    },
    "requiredDependencies" : [ ],
    "processedAfter" : [ ]
  }, {
    "majorSchemaVersion" : 3,
    "name" : "uaa_booksodatav4",
    "type" : "org.cloudfoundry.managed-service",
    "properties" : { },
    "parameters" : {
      "generated-password" : "********",
      "path" : "./xs-security.json",
      "service-name" : "booksodatav4-xsuaa-service",
      "service-plan" : "application",
      "service" : "xsuaa",
      "generated-user" : "********",
      "default-xsappname" : "uaa_booksodatav4",
      "type" : "managed-service",
      "default-service-name" : "uaa_booksodatav4",
      "default-container-name" : "D0DF43B9TRIAL_DEV_UAA_BOOKSODATAV4"
    },
    "isActive" : true,
    "isOptional" : false,
    "propertiesMetadata" : {
      "metadata" : { }
    },
    "parametersMetadata" : {
      "metadata" : { }
    },
    "requiredDependencies" : [ ],
    "processedAfter" : [ ]
  } ],
  "parameters" : {
    "deploy_mode" : "html5-repo",
    "mta-id" : "booksodatav4",
    "authorization-url" : "********",
    "org-guid" : "188e7b36-f870-46ac-b4b4-fcdce414afb1",
    "org" : "d0df43b9trial",
    "deploy-target" : "d0df43b9trial dev",
    "enable-parallel-deployments" : true,
    "space" : "dev",
    "xs-api-url" : "https://api.cf.us10-001.hana.ondemand.com",
    "deploy-url" : "deploy-service.cfapps.us10-001.hana.ondemand.com",
    "xs-type" : "CF",
    "default-domain" : "cfapps.us10-001.hana.ondemand.com",
    "mta-version" : "1.0.0",
    "xs-auth-url" : "********",
    "space-guid" : "383e080d-c4c5-4598-b9e9-72e78ff581ba",
    "user" : "********",
    "controller-url" : "https://api.cf.us10-001.hana.ondemand.com",
    "timestamp" : "20260909054453"
  },
  "parametersMetadata" : {
    "metadata" : { }
  }
}#
#2026 09 09 05:44:54.666#Z#DEBUG#9496fad5-ac11-11f1-9fee-eeee0a8f4579.OPERATION#flowable-async-job-executor-thread-6819#
[XS2CollectSystemParametersStep] Version rule: SAME_HIGHER#
#2026 09 09 05:44:54.666#Z#INFO#9496fad5-ac11-11f1-9fee-eeee0a8f4579.OPERATION#flowable-async-job-executor-thread-6819#
[XS2CollectSystemParametersStep] Detected new MTA version: "1.0.0"#
#2026 09 09 05:44:54.673#Z#INFO#9496fad5-ac11-11f1-9fee-eeee0a8f4579.OPERATION#flowable-async-job-executor-thread-6819#
[XS2CollectSystemParametersStep] Deployed MTA version: "1.0.0"#
#2026 09 09 05:44:54.679#Z#DEBUG#9496fad5-ac11-11f1-9fee-eeee0a8f4579.OPERATION#flowable-async-job-executor-thread-6819#
[XS2CollectSystemParametersStep] MTA accepted for deployment#
#2026 09 09 05:44:54.679#Z#DEBUG#9496fad5-ac11-11f1-9fee-eeee0a8f4579.OPERATION#flowable-async-job-executor-thread-6819#
[XS2CollectSystemParametersStep] System parameters collected#
#2026 09 09 05:44:54.679#Z#DEBUG#9496fad5-ac11-11f1-9fee-eeee0a8f4579.OPERATION#flowable-async-job-executor-thread-6819#
Step "Collect System Parameters" finished#
#2026 09 09 05:44:54.727#Z#DEBUG#9496fad5-ac11-11f1-9fee-eeee0a8f4579.OPERATION#flowable-async-job-executor-thread-6819#
[ProcessDescriptorStep] Executing task "processDescriptorTask" of process "9497220b-ac11-11f1-9fee-eeee0a8f4579"...#
#2026 09 09 05:44:54.728#Z#DEBUG#9496fad5-ac11-11f1-9fee-eeee0a8f4579.OPERATION#flowable-async-job-executor-thread-6819#
[ProcessDescriptorStep] Resolving properties and parameters in merged descriptor...#
#2026 09 09 05:44:54.734#Z#DEBUG#9496fad5-ac11-11f1-9fee-eeee0a8f4579.OPERATION#flowable-async-job-executor-thread-6819#
[ProcessDescriptorStep] Subscriptions: [ ]#
#2026 09 09 05:44:54.734#Z#DEBUG#9496fad5-ac11-11f1-9fee-eeee0a8f4579.OPERATION#flowable-async-job-executor-thread-6819#
[ProcessDescriptorStep] MTA modules: [booksodatav4-srv, booksodatav4-destination-content, booksodatav4-app-content, booksodatav4-db-deployer]#
#2026 09 09 05:44:54.735#Z#DEBUG#9496fad5-ac11-11f1-9fee-eeee0a8f4579.OPERATION#flowable-async-job-executor-thread-6819#
[ProcessDescriptorStep] Resolved deployment descriptor: {
  "majorSchemaVersion" : 3,
  "schemaVersion" : "3.3.0",
  "id" : "booksodatav4",
  "version" : "1.0.0",
  "modules" : [ {
    "majorSchemaVersion" : 3,
    "name" : "booksodatav4-srv",
    "type" : "javascript.nodejs",
    "path" : "booksodatav4-srv",
    "properties" : { },
    "parameters" : {
      "default-url" : "https://d0df43b9trial-dev-booksodatav4-srv.cfapps.us10-001.hana.ondemand.com",
      "default-app-name" : "booksodatav4-srv",
      "generated-password" : "********",
      "default-live-url" : "https://d0df43b9trial-dev-booksodatav4-srv.cfapps.us10-001.hana.ondemand.com",
      "default-uri" : "d0df43b9trial-dev-booksodatav4-srv.cfapps.us10-001.hana.ondemand.com",
      "default-instances" : 1,
      "default-live-host" : "d0df43b9trial-dev-booksodatav4-srv",
      "instances" : 1,
      "buildpack" : "nodejs_buildpack",
      "default-host" : "d0df43b9trial-dev-booksodatav4-srv",
      "app-name" : "booksodatav4-srv",
      "default-live-uri" : "d0df43b9trial-dev-booksodatav4-srv.cfapps.us10-001.hana.ondemand.com",
      "protocol" : "https",
      "default-live-app-name" : "booksodatav4-srv",
      "default-live-domain" : "cfapps.us10-001.hana.ondemand.com",
      "domain" : "cfapps.us10-001.hana.ondemand.com",
      "host" : "d0df43b9trial-dev-booksodatav4-srv",
      "generated-user" : "********"
    },
    "requiredDependencies" : [ {
      "majorSchemaVersion" : 3,
      "name" : "booksodatav4-db",
      "properties" : { },
      "parameters" : { },
      "propertiesMetadata" : {
        "metadata" : { }
      },
      "parametersMetadata" : {
        "metadata" : { }
      }
    }, {
      "majorSchemaVersion" : 3,
      "name" : "uaa_booksodatav4",
      "properties" : { },
      "parameters" : { },
      "propertiesMetadata" : {
        "metadata" : { }
      },
      "parametersMetadata" : {
        "metadata" : { }
      }
    } ],
    "providedDependencies" : [ {
      "majorSchemaVersion" : 3,
      "name" : "srv-api",
      "isPublic" : false,
      "properties" : {
        "srv-url" : "https://d0df43b9trial-dev-booksodatav4-srv.cfapps.us10-001.hana.ondemand.com"
      },
      "parameters" : { },
      "propertiesMetadata" : {
        "metadata" : { }
      },
      "parametersMetadata" : {
        "metadata" : { }
      }
    }, {
      "majorSchemaVersion" : 3,
      "name" : "booksodatav4-srv",
      "isPublic" : false,
      "properties" : { },
      "parameters" : { },
      "propertiesMetadata" : {
        "metadata" : { }
      },
      "parametersMetadata" : {
        "metadata" : { }
      }
    } ],
    "propertiesMetadata" : {
      "metadata" : { }
    },
    "parametersMetadata" : {
      "metadata" : { }
    },
    "hooks" : [ ]
  }, {
    "majorSchemaVersion" : 3,
    "name" : "booksodatav4-db-deployer",
    "type" : "com.sap.xs.hdi",
    "path" : "booksodatav4-db-deployer",
    "properties" : {
      "EXIT" : 1
    },
    "parameters" : {
      "default-url" : "https://d0df43b9trial-dev-booksodatav4-db-deployer.cfapps.us10-001.hana.ondemand.com",
      "default-app-name" : "booksodatav4-db-deployer",
      "generated-password" : "********",
      "default-live-url" : "https://d0df43b9trial-dev-booksodatav4-db-deployer.cfapps.us10-001.hana.ondemand.com",
      "default-uri" : "d0df43b9trial-dev-booksodatav4-db-deployer.cfapps.us10-001.hana.ondemand.com",
      "memory" : "256M",
      "default-instances" : 1,
      "no-route" : true,
      "default-live-host" : "d0df43b9trial-dev-booksodatav4-db-deployer",
      "instances" : 1,
      "buildpack" : "nodejs_buildpack",
      "default-host" : "d0df43b9trial-dev-booksodatav4-db-deployer",
      "app-name" : "booksodatav4-db-deployer",
      "default-live-uri" : "d0df43b9trial-dev-booksodatav4-db-deployer.cfapps.us10-001.hana.ondemand.com",
      "protocol" : "https",
      "default-live-app-name" : "booksodatav4-db-deployer",
      "default-live-domain" : "cfapps.us10-001.hana.ondemand.com",
      "dependency-type" : "hard",
      "domain" : "cfapps.us10-001.hana.ondemand.com",
      "host" : "d0df43b9trial-dev-booksodatav4-db-deployer",
      "generated-user" : "********",
      "tasks" : [ {
        "command" : "npm start",
        "memory" : "256M",
        "name" : "deploy"
      } ],
      "no-start" : true
    },
    "requiredDependencies" : [ {
      "majorSchemaVersion" : 3,
      "name" : "booksodatav4-db",
      "properties" : { },
      "parameters" : { },
      "propertiesMetadata" : {
        "metadata" : { }
      },
      "parametersMetadata" : {
        "metadata" : { }
      }
    } ],
    "providedDependencies" : [ {
      "majorSchemaVersion" : 3,
      "name" : "booksodatav4-db-deployer",
      "isPublic" : false,
      "properties" : { },
      "parameters" : { },
      "propertiesMetadata" : {
        "metadata" : { }
      },
      "parametersMetadata" : {
        "metadata" : { }
      }
    } ],
    "propertiesMetadata" : {
      "metadata" : { }
    },
    "parametersMetadata" : {
      "metadata" : { }
    },
    "hooks" : [ ]
  }, {
    "majorSchemaVersion" : 3,
    "name" : "booksodatav4-destination-content",
    "type" : "com.sap.application.content",
    "properties" : { },
    "parameters" : {
      "default-url" : "https://d0df43b9trial-dev-booksodatav4-destination-content.cfapps.us10-001.hana.ondemand.com",
      "default-app-name" : "booksodatav4-destination-content",
      "generated-password" : "********",
      "default-live-url" : "https://d0df43b9trial-dev-booksodatav4-destination-content.cfapps.us10-001.hana.ondemand.com",
      "default-uri" : "d0df43b9trial-dev-booksodatav4-destination-content.cfapps.us10-001.hana.ondemand.com",
      "default-instances" : 1,
      "default-live-host" : "d0df43b9trial-dev-booksodatav4-destination-content",
      "instances" : 1,
      "default-host" : "d0df43b9trial-dev-booksodatav4-destination-content",
      "content" : {
        "instance" : {
          "destinations" : [ {
            "Name" : "booksodatav4capm_booksodatav4_html_repo_host",
            "ServiceInstanceName" : "booksodatav4-html5-app-host-service",
            "ServiceKeyName" : "********",
            "sap.cloud.service" : "booksodatav4capm"
          }, {
            "Authentication" : "********",
            "Name" : "booksodatav4capm_uaa_booksodatav4",
            "ServiceInstanceName" : "booksodatav4-xsuaa-service",
            "ServiceKeyName" : "********",
            "sap.cloud.service" : "booksodatav4capm"
          }, {
            "Authentication" : "********",
            "HTML5.DynamicDestination" : true,
            "HTML5.ForwardAuthToken" : "********",
            "Name" : "srv-api",
            "ProxyType" : "Internet",
            "Type" : "HTTP",
            "URL" : "https://d0df43b9trial-dev-booksodatav4-srv.cfapps.us10-001.hana.ondemand.com"
          } ],
          "existing_destinations_policy" : "update"
        }
      },
      "app-name" : "booksodatav4-destination-content",
      "default-live-uri" : "d0df43b9trial-dev-booksodatav4-destination-content.cfapps.us10-001.hana.ondemand.com",
      "protocol" : "https",
      "default-live-app-name" : "booksodatav4-destination-content",
      "default-live-domain" : "cfapps.us10-001.hana.ondemand.com",
      "domain" : "cfapps.us10-001.hana.ondemand.com",
      "host" : "d0df43b9trial-dev-booksodatav4-destination-content",
      "generated-user" : "********"
    },
    "requiredDependencies" : [ {
      "majorSchemaVersion" : 3,
      "name" : "booksodatav4-destination-service",
      "properties" : { },
      "parameters" : {
        "content-target" : true
      },
      "propertiesMetadata" : {
        "metadata" : { }
      },
      "parametersMetadata" : {
        "metadata" : { }
      }
    }, {
      "majorSchemaVersion" : 3,
      "name" : "booksodatav4_html_repo_host",
      "properties" : { },
      "parameters" : {
        "service-key" : "********"
      },
      "propertiesMetadata" : {
        "metadata" : { }
      },
      "parametersMetadata" : {
        "metadata" : { }
      }
    }, {
      "majorSchemaVersion" : 3,
      "name" : "uaa_booksodatav4",
      "properties" : { },
      "parameters" : {
        "service-key" : "********"
      },
      "propertiesMetadata" : {
        "metadata" : { }
      },
      "parametersMetadata" : {
        "metadata" : { }
      }
    }, {
      "majorSchemaVersion" : 3,
      "name" : "srv-api",
      "properties" : { },
      "parameters" : { },
      "propertiesMetadata" : {
        "metadata" : { }
      },
      "parametersMetadata" : {
        "metadata" : { }
      }
    } ],
    "providedDependencies" : [ {
      "majorSchemaVersion" : 3,
      "name" : "booksodatav4-destination-content",
      "isPublic" : false,
      "properties" : { },
      "parameters" : { },
      "propertiesMetadata" : {
        "metadata" : { }
      },
      "parametersMetadata" : {
        "metadata" : { }
      }
    } ],
    "propertiesMetadata" : {
      "metadata" : { }
    },
    "parametersMetadata" : {
      "metadata" : { }
    },
    "hooks" : [ ]
  }, {
    "majorSchemaVersion" : 3,
    "name" : "booksodatav4-app-content",
    "type" : "com.sap.application.content",
    "path" : "booksodatav4-app-content",
    "properties" : { },
    "parameters" : {
      "default-url" : "https://d0df43b9trial-dev-booksodatav4-app-content.cfapps.us10-001.hana.ondemand.com",
      "default-app-name" : "booksodatav4-app-content",
      "generated-password" : "********",
      "default-live-url" : "https://d0df43b9trial-dev-booksodatav4-app-content.cfapps.us10-001.hana.ondemand.com",
      "default-uri" : "d0df43b9trial-dev-booksodatav4-app-content.cfapps.us10-001.hana.ondemand.com",
      "default-instances" : 1,
      "default-live-host" : "d0df43b9trial-dev-booksodatav4-app-content",
      "instances" : 1,
      "default-host" : "d0df43b9trial-dev-booksodatav4-app-content",
      "app-name" : "booksodatav4-app-content",
      "default-live-uri" : "d0df43b9trial-dev-booksodatav4-app-content.cfapps.us10-001.hana.ondemand.com",
      "protocol" : "https",
      "default-live-app-name" : "booksodatav4-app-content",
      "default-live-domain" : "cfapps.us10-001.hana.ondemand.com",
      "domain" : "cfapps.us10-001.hana.ondemand.com",
      "host" : "d0df43b9trial-dev-booksodatav4-app-content",
      "generated-user" : "********"
    },
    "requiredDependencies" : [ {
      "majorSchemaVersion" : 3,
      "name" : "booksodatav4_html_repo_host",
      "properties" : { },
      "parameters" : {
        "content-target" : true
      },
      "propertiesMetadata" : {
        "metadata" : { }
      },
      "parametersMetadata" : {
        "metadata" : { }
      }
    } ],
    "providedDependencies" : [ {
      "majorSchemaVersion" : 3,
      "name" : "booksodatav4-app-content",
      "isPublic" : false,
      "properties" : { },
      "parameters" : { },
      "propertiesMetadata" : {
        "metadata" : { }
      },
      "parametersMetadata" : {
        "metadata" : { }
      }
    } ],
    "propertiesMetadata" : {
      "metadata" : { }
    },
    "parametersMetadata" : {
      "metadata" : { }
    },
    "hooks" : [ ]
  } ],
  "resources" : [ {
    "majorSchemaVersion" : 3,
    "name" : "booksodatav4-db",
    "type" : "com.sap.xs.hdi-container",
    "properties" : { },
    "parameters" : {
      "generated-password" : "********",
      "service-name" : "booksodatav4-db",
      "service-plan" : "hdi-shared",
      "service" : "hana",
      "generated-user" : "********",
      "default-xsappname" : "booksodatav4-db",
      "type" : "managed-service",
      "default-service-name" : "booksodatav4-db",
      "default-container-name" : "D0DF43B9TRIAL_DEV_BOOKSODATAV4_DB"
    },
    "isActive" : true,
    "isOptional" : false,
    "propertiesMetadata" : {
      "metadata" : { }
    },
    "parametersMetadata" : {
      "metadata" : { }
    },
    "requiredDependencies" : [ ],
    "processedAfter" : [ ]
  }, {
    "majorSchemaVersion" : 3,
    "name" : "booksodatav4-destination-service",
    "type" : "org.cloudfoundry.managed-service",
    "properties" : { },
    "parameters" : {
      "generated-password" : "********",
      "service-name" : "booksodatav4-destination-service",
      "service-plan" : "lite",
      "service" : "destination",
      "generated-user" : "********",
      "default-xsappname" : "booksodatav4-destination-service",
      "type" : "managed-service",
      "config" : {
        "HTML5Runtime_enabled" : true,
        "init_data" : {
          "instance" : {
            "destinations" : [ {
              "Authentication" : "********",
              "Name" : "ui5",
              "ProxyType" : "Internet",
              "Type" : "HTTP",
              "URL" : "https://ui5.sap.com"
            } ],
            "existing_destinations_policy" : "update"
          }
        },
        "version" : "1.0.0"
      },
      "default-service-name" : "booksodatav4-destination-service",
      "default-container-name" : "D0DF43B9TRIAL_DEV_BOOKSODATAV4_DESTINATION_SERVICE"
    },
    "isActive" : true,
    "isOptional" : false,
    "propertiesMetadata" : {
      "metadata" : { }
    },
    "parametersMetadata" : {
      "metadata" : { }
    },
    "requiredDependencies" : [ ],
    "processedAfter" : [ ]
  }, {
    "majorSchemaVersion" : 3,
    "name" : "booksodatav4_html_repo_host",
    "type" : "org.cloudfoundry.managed-service",
    "properties" : { },
    "parameters" : {
      "generated-password" : "********",
      "service-name" : "booksodatav4-html5-app-host-service",
      "service-plan" : "app-host",
      "service" : "html5-apps-repo",
      "generated-user" : "********",
      "default-xsappname" : "booksodatav4_html_repo_host",
      "type" : "managed-service",
      "default-service-name" : "booksodatav4_html_repo_host",
      "default-container-name" : "D0DF43B9TRIAL_DEV_BOOKSODATAV4_HTML_REPO_HOST"
    },
    "isActive" : true,
    "isOptional" : false,
    "propertiesMetadata" : {
      "metadata" : { }
    },
    "parametersMetadata" : {
      "metadata" : { }
    },
    "requiredDependencies" : [ ],
    "processedAfter" : [ ]
  }, {
    "majorSchemaVersion" : 3,
    "name" : "uaa_booksodatav4",
    "type" : "org.cloudfoundry.managed-service",
    "properties" : { },
    "parameters" : {
      "generated-password" : "********",
      "path" : "./xs-security.json",
      "service-name" : "booksodatav4-xsuaa-service",
      "service-plan" : "application",
      "service" : "xsuaa",
      "generated-user" : "********",
      "default-xsappname" : "uaa_booksodatav4",
      "type" : "managed-service",
      "default-service-name" : "uaa_booksodatav4",
      "default-container-name" : "D0DF43B9TRIAL_DEV_UAA_BOOKSODATAV4"
    },
    "isActive" : true,
    "isOptional" : false,
    "propertiesMetadata" : {
      "metadata" : { }
    },
    "parametersMetadata" : {
      "metadata" : { }
    },
    "requiredDependencies" : [ ],
    "processedAfter" : [ ]
  } ],
  "parameters" : {
    "deploy_mode" : "html5-repo",
    "mta-id" : "booksodatav4",
    "authorization-url" : "********",
    "org-guid" : "188e7b36-f870-46ac-b4b4-fcdce414afb1",
    "org" : "d0df43b9trial",
    "deploy-target" : "d0df43b9trial dev",
    "enable-parallel-deployments" : true,
    "region-primary-domain" : "us10.hana.ondemand.com",
    "space" : "dev",
    "region-domain" : "us10-001.hana.ondemand.com",
    "xs-api-url" : "https://api.cf.us10-001.hana.ondemand.com",
    "deploy-url" : "deploy-service.cfapps.us10-001.hana.ondemand.com",
    "xs-type" : "CF",
    "default-domain" : "cfapps.us10-001.hana.ondemand.com",
    "mta-version" : "1.0.0",
    "xs-auth-url" : "********",
    "space-guid" : "383e080d-c4c5-4598-b9e9-72e78ff581ba",
    "user" : "********",
    "controller-url" : "https://api.cf.us10-001.hana.ondemand.com",
    "timestamp" : "20260909054453"
  },
  "parametersMetadata" : {
    "metadata" : { }
  }
}#
#2026 09 09 05:44:54.735#Z#DEBUG#9496fad5-ac11-11f1-9fee-eeee0a8f4579.OPERATION#flowable-async-job-executor-thread-6819#
[ProcessDescriptorStep] Merged descriptor properties and parameters resolved#
#2026 09 09 05:44:54.735#Z#DEBUG#9496fad5-ac11-11f1-9fee-eeee0a8f4579.OPERATION#flowable-async-job-executor-thread-6819#
Step "Process Descriptor Step" finished#
#2026 09 09 05:44:54.783#Z#DEBUG#9496fad5-ac11-11f1-9fee-eeee0a8f4579.OPERATION#flowable-async-job-executor-thread-6819#
[XS2BuildCloudDeployModelStep] Executing task "buildDeployModelTask" of process "9497220b-ac11-11f1-9fee-eeee0a8f4579"...#
#2026 09 09 05:44:54.788#Z#DEBUG#9496fad5-ac11-11f1-9fee-eeee0a8f4579.OPERATION#flowable-async-job-executor-thread-6819#
[XS2BuildCloudDeployModelStep] Service keys defined for content deployment grouped by service name: {
  "uaa_booksodatav4" : [ {
    "name" : "********",
    "v3Metadata" : {
      "annotations" : {
        "mta_id" : "booksodatav4",
        "mta_version" : "1.0.0"
      },
      "labels" : {
        "mta_id" : "c627ae84dcd02b1759005f1a6237bd4b",
        "space_guid" : "383e080d-c4c5-4598-b9e9-72e78ff581ba"
      }
    },
    "credentials" : "********",
    "moduleName" : "booksodatav4-destination-content",
    "resourceName" : "uaa_booksodatav4",
    "serviceInstance" : {
      "isOptional" : false,
      "isManaged" : false,
      "name" : "booksodatav4-xsuaa-service",
      "credentials" : "********",
      "tags" : [ ],
      "shouldSkipParametersUpdate" : false,
      "shouldSkipPlanUpdate" : false,
      "shouldSkipTagsUpdate" : false,
      "shouldSkipSyslogUrlUpdate" : false
    },
    "shouldDeleteServiceKeyAfterDeploy" : "********",
    "resourceType" : "org.cloudfoundry.managed-service"
  } ],
  "booksodatav4_html_repo_host" : [ {
    "name" : "********",
    "v3Metadata" : {
      "annotations" : {
        "mta_id" : "booksodatav4",
        "mta_version" : "1.0.0"
      },
      "labels" : {
        "mta_id" : "c627ae84dcd02b1759005f1a6237bd4b",
        "space_guid" : "383e080d-c4c5-4598-b9e9-72e78ff581ba"
      }
    },
    "credentials" : "********",
    "moduleName" : "booksodatav4-destination-content",
    "resourceName" : "booksodatav4_html_repo_host",
    "serviceInstance" : {
      "isOptional" : false,
      "isManaged" : false,
      "name" : "booksodatav4-html5-app-host-service",
      "credentials" : "********",
      "tags" : [ ],
      "shouldSkipParametersUpdate" : false,
      "shouldSkipPlanUpdate" : false,
      "shouldSkipTagsUpdate" : false,
      "shouldSkipSyslogUrlUpdate" : false
    },
    "shouldDeleteServiceKeyAfterDeploy" : "********",
    "resourceType" : "org.cloudfoundry.managed-service"
  }, {
    "name" : "********",
    "v3Metadata" : {
      "annotations" : {
        "mta_id" : "booksodatav4",
        "mta_version" : "1.0.0"
      },
      "labels" : {
        "mta_id" : "c627ae84dcd02b1759005f1a6237bd4b",
        "space_guid" : "383e080d-c4c5-4598-b9e9-72e78ff581ba"
      }
    },
    "credentials" : "********",
    "moduleName" : "booksodatav4-app-content",
    "resourceName" : "booksodatav4_html_repo_host",
    "serviceInstance" : {
      "isOptional" : false,
      "isManaged" : false,
      "name" : "booksodatav4-html5-app-host-service",
      "credentials" : "********",
      "tags" : [ ],
      "shouldSkipParametersUpdate" : false,
      "shouldSkipPlanUpdate" : false,
      "shouldSkipTagsUpdate" : false,
      "shouldSkipSyslogUrlUpdate" : false
    },
    "shouldDeleteServiceKeyAfterDeploy" : "********",
    "resourceType" : "org.cloudfoundry.managed-service"
  } ],
  "booksodatav4-destination-service" : [ {
    "name" : "********",
    "v3Metadata" : {
      "annotations" : {
        "mta_id" : "booksodatav4",
        "mta_version" : "1.0.0"
      },
      "labels" : {
        "mta_id" : "c627ae84dcd02b1759005f1a6237bd4b",
        "space_guid" : "383e080d-c4c5-4598-b9e9-72e78ff581ba"
      }
    },
    "credentials" : "********",
    "moduleName" : "booksodatav4-destination-content",
    "resourceName" : "booksodatav4-destination-service",
    "serviceInstance" : {
      "isOptional" : false,
      "isManaged" : false,
      "name" : "booksodatav4-destination-service",
      "credentials" : "********",
      "tags" : [ ],
      "shouldSkipParametersUpdate" : false,
      "shouldSkipPlanUpdate" : false,
      "shouldSkipTagsUpdate" : false,
      "shouldSkipSyslogUrlUpdate" : false
    },
    "shouldDeleteServiceKeyAfterDeploy" : "********",
    "resourceType" : "org.cloudfoundry.managed-service"
  } ]
}#
#2026 09 09 05:44:54.789#Z#DEBUG#9496fad5-ac11-11f1-9fee-eeee0a8f4579.OPERATION#flowable-async-job-executor-thread-6819#
[XS2BuildCloudDeployModelStep] Building cloud deployment model...#
#2026 09 09 05:44:54.791#Z#DEBUG#9496fad5-ac11-11f1-9fee-eeee0a8f4579.OPERATION#flowable-async-job-executor-thread-6819#
[XS2BuildCloudDeployModelStep] MTA archive modules: [booksodatav4-srv, booksodatav4-app-content, booksodatav4-db-deployer]#
#2026 09 09 05:44:54.791#Z#DEBUG#9496fad5-ac11-11f1-9fee-eeee0a8f4579.OPERATION#flowable-async-job-executor-thread-6819#
[XS2BuildCloudDeployModelStep] Deployed modules: [booksodatav4-db-deployer, booksodatav4-srv]#
#2026 09 09 05:44:54.793#Z#DEBUG#9496fad5-ac11-11f1-9fee-eeee0a8f4579.OPERATION#flowable-async-job-executor-thread-6819#
[XS2BuildCloudDeployModelStep] MTA modules: [booksodatav4-srv, booksodatav4-destination-content, booksodatav4-app-content, booksodatav4-db-deployer]#
#2026 09 09 05:44:54.793#Z#DEBUG#9496fad5-ac11-11f1-9fee-eeee0a8f4579.OPERATION#flowable-async-job-executor-thread-6819#
[XS2BuildCloudDeployModelStep] Service keys to create: {
  "booksodatav4-db" : [ ],
  "uaa_booksodatav4" : [ ],
  "booksodatav4_html_repo_host" : [ ],
  "booksodatav4-destination-service" : [ ]
}#
#2026 09 09 05:44:54.794#Z#DEBUG#9496fad5-ac11-11f1-9fee-eeee0a8f4579.OPERATION#flowable-async-job-executor-thread-6819#
[XS2BuildCloudDeployModelStep] Modules to deploy: [{
  "majorSchemaVersion" : 3,
  "name" : "booksodatav4-srv",
  "type" : "javascript.nodejs",
  "path" : "booksodatav4-srv",
  "properties" : { },
  "parameters" : {
    "default-url" : "https://d0df43b9trial-dev-booksodatav4-srv.cfapps.us10-001.hana.ondemand.com",
    "default-app-name" : "booksodatav4-srv",
    "generated-password" : "********",
    "default-live-url" : "https://d0df43b9trial-dev-booksodatav4-srv.cfapps.us10-001.hana.ondemand.com",
    "default-uri" : "d0df43b9trial-dev-booksodatav4-srv.cfapps.us10-001.hana.ondemand.com",
    "default-instances" : 1,
    "default-live-host" : "d0df43b9trial-dev-booksodatav4-srv",
    "instances" : 1,
    "buildpack" : "nodejs_buildpack",
    "default-host" : "d0df43b9trial-dev-booksodatav4-srv",
    "app-name" : "booksodatav4-srv",
    "default-live-uri" : "d0df43b9trial-dev-booksodatav4-srv.cfapps.us10-001.hana.ondemand.com",
    "protocol" : "https",
    "default-live-app-name" : "booksodatav4-srv",
    "default-live-domain" : "cfapps.us10-001.hana.ondemand.com",
    "dependency-type" : "soft",
    "domain" : "cfapps.us10-001.hana.ondemand.com",
    "host" : "d0df43b9trial-dev-booksodatav4-srv",
    "generated-user" : "********"
  },
  "requiredDependencies" : [ {
    "majorSchemaVersion" : 3,
    "name" : "booksodatav4-db",
    "properties" : { },
    "parameters" : { },
    "propertiesMetadata" : {
      "metadata" : { }
    },
    "parametersMetadata" : {
      "metadata" : { }
    }
  }, {
    "majorSchemaVersion" : 3,
    "name" : "uaa_booksodatav4",
    "properties" : { },
    "parameters" : { },
    "propertiesMetadata" : {
      "metadata" : { }
    },
    "parametersMetadata" : {
      "metadata" : { }
    }
  } ],
  "providedDependencies" : [ {
    "majorSchemaVersion" : 3,
    "name" : "srv-api",
    "isPublic" : false,
    "properties" : {
      "srv-url" : "https://d0df43b9trial-dev-booksodatav4-srv.cfapps.us10-001.hana.ondemand.com"
    },
    "parameters" : { },
    "propertiesMetadata" : {
      "metadata" : { }
    },
    "parametersMetadata" : {
      "metadata" : { }
    }
  }, {
    "majorSchemaVersion" : 3,
    "name" : "booksodatav4-srv",
    "isPublic" : false,
    "properties" : { },
    "parameters" : { },
    "propertiesMetadata" : {
      "metadata" : { }
    },
    "parametersMetadata" : {
      "metadata" : { }
    }
  } ],
  "propertiesMetadata" : {
    "metadata" : { }
  },
  "parametersMetadata" : {
    "metadata" : { }
  },
  "deployedAfter" : [ ],
  "hooks" : [ ]
}, {
  "majorSchemaVersion" : 3,
  "name" : "booksodatav4-db-deployer",
  "type" : "com.sap.xs.hdi",
  "path" : "booksodatav4-db-deployer",
  "properties" : {
    "EXIT" : 1
  },
  "parameters" : {
    "default-url" : "https://d0df43b9trial-dev-booksodatav4-db-deployer.cfapps.us10-001.hana.ondemand.com",
    "default-app-name" : "booksodatav4-db-deployer",
    "generated-password" : "********",
    "default-live-url" : "https://d0df43b9trial-dev-booksodatav4-db-deployer.cfapps.us10-001.hana.ondemand.com",
    "default-uri" : "d0df43b9trial-dev-booksodatav4-db-deployer.cfapps.us10-001.hana.ondemand.com",
    "memory" : "256M",
    "default-instances" : 1,
    "no-route" : true,
    "default-live-host" : "d0df43b9trial-dev-booksodatav4-db-deployer",
    "instances" : 1,
    "buildpack" : "nodejs_buildpack",
    "default-host" : "d0df43b9trial-dev-booksodatav4-db-deployer",
    "app-name" : "booksodatav4-db-deployer",
    "default-live-uri" : "d0df43b9trial-dev-booksodatav4-db-deployer.cfapps.us10-001.hana.ondemand.com",
    "protocol" : "https",
    "default-live-app-name" : "booksodatav4-db-deployer",
    "default-live-domain" : "cfapps.us10-001.hana.ondemand.com",
    "dependency-type" : "hard",
    "domain" : "cfapps.us10-001.hana.ondemand.com",
    "host" : "d0df43b9trial-dev-booksodatav4-db-deployer",
    "generated-user" : "********",
    "tasks" : [ {
      "command" : "npm start",
      "memory" : "256M",
      "name" : "deploy"
    } ],
    "no-start" : true
  },
  "requiredDependencies" : [ {
    "majorSchemaVersion" : 3,
    "name" : "booksodatav4-db",
    "properties" : { },
    "parameters" : { },
    "propertiesMetadata" : {
      "metadata" : { }
    },
    "parametersMetadata" : {
      "metadata" : { }
    }
  } ],
  "providedDependencies" : [ {
    "majorSchemaVersion" : 3,
    "name" : "booksodatav4-db-deployer",
    "isPublic" : false,
    "properties" : { },
    "parameters" : { },
    "propertiesMetadata" : {
      "metadata" : { }
    },
    "parametersMetadata" : {
      "metadata" : { }
    }
  } ],
  "propertiesMetadata" : {
    "metadata" : { }
  },
  "parametersMetadata" : {
    "metadata" : { }
  },
  "deployedAfter" : [ ],
  "hooks" : [ ]
}, {
  "majorSchemaVersion" : 3,
  "name" : "booksodatav4-destination-content",
  "type" : "com.sap.application.content",
  "properties" : { },
  "parameters" : {
    "default-url" : "https://d0df43b9trial-dev-booksodatav4-destination-content.cfapps.us10-001.hana.ondemand.com",
    "default-app-name" : "booksodatav4-destination-content",
    "generated-password" : "********",
    "default-live-url" : "https://d0df43b9trial-dev-booksodatav4-destination-content.cfapps.us10-001.hana.ondemand.com",
    "default-uri" : "d0df43b9trial-dev-booksodatav4-destination-content.cfapps.us10-001.hana.ondemand.com",
    "default-instances" : 1,
    "default-live-host" : "d0df43b9trial-dev-booksodatav4-destination-content",
    "instances" : 1,
    "default-host" : "d0df43b9trial-dev-booksodatav4-destination-content",
    "content" : {
      "instance" : {
        "destinations" : [ {
          "Name" : "booksodatav4capm_booksodatav4_html_repo_host",
          "ServiceInstanceName" : "booksodatav4-html5-app-host-service",
          "ServiceKeyName" : "********",
          "sap.cloud.service" : "booksodatav4capm"
        }, {
          "Authentication" : "********",
          "Name" : "booksodatav4capm_uaa_booksodatav4",
          "ServiceInstanceName" : "booksodatav4-xsuaa-service",
          "ServiceKeyName" : "********",
          "sap.cloud.service" : "booksodatav4capm"
        }, {
          "Authentication" : "********",
          "HTML5.DynamicDestination" : true,
          "HTML5.ForwardAuthToken" : "********",
          "Name" : "srv-api",
          "ProxyType" : "Internet",
          "Type" : "HTTP",
          "URL" : "https://d0df43b9trial-dev-booksodatav4-srv.cfapps.us10-001.hana.ondemand.com"
        } ],
        "existing_destinations_policy" : "update"
      }
    },
    "app-name" : "booksodatav4-destination-content",
    "default-live-uri" : "d0df43b9trial-dev-booksodatav4-destination-content.cfapps.us10-001.hana.ondemand.com",
    "protocol" : "https",
    "default-live-app-name" : "booksodatav4-destination-content",
    "default-live-domain" : "cfapps.us10-001.hana.ondemand.com",
    "dependency-type" : "soft",
    "domain" : "cfapps.us10-001.hana.ondemand.com",
    "host" : "d0df43b9trial-dev-booksodatav4-destination-content",
    "generated-user" : "********"
  },
  "requiredDependencies" : [ {
    "majorSchemaVersion" : 3,
    "name" : "booksodatav4-destination-service",
    "properties" : { },
    "parameters" : {
      "content-target" : true
    },
    "propertiesMetadata" : {
      "metadata" : { }
    },
    "parametersMetadata" : {
      "metadata" : { }
    }
  }, {
    "majorSchemaVersion" : 3,
    "name" : "booksodatav4_html_repo_host",
    "properties" : { },
    "parameters" : {
      "service-key" : "********"
    },
    "propertiesMetadata" : {
      "metadata" : { }
    },
    "parametersMetadata" : {
      "metadata" : { }
    }
  }, {
    "majorSchemaVersion" : 3,
    "name" : "uaa_booksodatav4",
    "properties" : { },
    "parameters" : {
      "service-key" : "********"
    },
    "propertiesMetadata" : {
      "metadata" : { }
    },
    "parametersMetadata" : {
      "metadata" : { }
    }
  }, {
    "majorSchemaVersion" : 3,
    "name" : "srv-api",
    "properties" : { },
    "parameters" : { },
    "propertiesMetadata" : {
      "metadata" : { }
    },
    "parametersMetadata" : {
      "metadata" : { }
    }
  } ],
  "providedDependencies" : [ {
    "majorSchemaVersion" : 3,
    "name" : "booksodatav4-destination-content",
    "isPublic" : false,
    "properties" : { },
    "parameters" : { },
    "propertiesMetadata" : {
      "metadata" : { }
    },
    "parametersMetadata" : {
      "metadata" : { }
    }
  } ],
  "propertiesMetadata" : {
    "metadata" : { }
  },
  "parametersMetadata" : {
    "metadata" : { }
  },
  "deployedAfter" : [ ],
  "hooks" : [ ]
}, {
  "majorSchemaVersion" : 3,
  "name" : "booksodatav4-app-content",
  "type" : "com.sap.application.content",
  "path" : "booksodatav4-app-content",
  "properties" : { },
  "parameters" : {
    "default-url" : "https://d0df43b9trial-dev-booksodatav4-app-content.cfapps.us10-001.hana.ondemand.com",
    "default-app-name" : "booksodatav4-app-content",
    "generated-password" : "********",
    "default-live-url" : "https://d0df43b9trial-dev-booksodatav4-app-content.cfapps.us10-001.hana.ondemand.com",
    "default-uri" : "d0df43b9trial-dev-booksodatav4-app-content.cfapps.us10-001.hana.ondemand.com",
    "default-instances" : 1,
    "default-live-host" : "d0df43b9trial-dev-booksodatav4-app-content",
    "instances" : 1,
    "default-host" : "d0df43b9trial-dev-booksodatav4-app-content",
    "app-name" : "booksodatav4-app-content",
    "default-live-uri" : "d0df43b9trial-dev-booksodatav4-app-content.cfapps.us10-001.hana.ondemand.com",
    "protocol" : "https",
    "default-live-app-name" : "booksodatav4-app-content",
    "default-live-domain" : "cfapps.us10-001.hana.ondemand.com",
    "dependency-type" : "soft",
    "domain" : "cfapps.us10-001.hana.ondemand.com",
    "host" : "d0df43b9trial-dev-booksodatav4-app-content",
    "generated-user" : "********"
  },
  "requiredDependencies" : [ {
    "majorSchemaVersion" : 3,
    "name" : "booksodatav4_html_repo_host",
    "properties" : { },
    "parameters" : {
      "content-target" : true
    },
    "propertiesMetadata" : {
      "metadata" : { }
    },
    "parametersMetadata" : {
      "metadata" : { }
    }
  } ],
  "providedDependencies" : [ {
    "majorSchemaVersion" : 3,
    "name" : "booksodatav4-app-content",
    "isPublic" : false,
    "properties" : { },
    "parameters" : { },
    "propertiesMetadata" : {
      "metadata" : { }
    },
    "parametersMetadata" : {
      "metadata" : { }
    }
  } ],
  "propertiesMetadata" : {
    "metadata" : { }
  },
  "parametersMetadata" : {
    "metadata" : { }
  },
  "deployedAfter" : [ ],
  "hooks" : [ ]
}]#
#2026 09 09 05:44:54.794#Z#DEBUG#9496fad5-ac11-11f1-9fee-eeee0a8f4579.OPERATION#flowable-async-job-executor-thread-6819#
[XS2BuildCloudDeployModelStep] Custom domains: []#
#2026 09 09 05:44:54.797#Z#DEBUG#9496fad5-ac11-11f1-9fee-eeee0a8f4579.OPERATION#flowable-async-job-executor-thread-6819#
[XS2BuildCloudDeployModelStep] Calculating resource batches...#
#2026 09 09 05:44:54.797#Z#DEBUG#9496fad5-ac11-11f1-9fee-eeee0a8f4579.OPERATION#flowable-async-job-executor-thread-6819#
[XS2BuildCloudDeployModelStep] Calculating resource batches completed.#
#2026 09 09 05:44:54.797#Z#DEBUG#9496fad5-ac11-11f1-9fee-eeee0a8f4579.OPERATION#flowable-async-job-executor-thread-6819#
[XS2BuildCloudDeployModelStep] Cloud deployment model built#
#2026 09 09 05:44:54.797#Z#DEBUG#9496fad5-ac11-11f1-9fee-eeee0a8f4579.OPERATION#flowable-async-job-executor-thread-6819#
Step "Build Deploy Model" finished#
#2026 09 09 05:44:54.846#Z#DEBUG#9496fad5-ac11-11f1-9fee-eeee0a8f4579.OPERATION#flowable-async-job-executor-thread-6819#
[BuildCloudUndeployModelStep] Executing task "buildUndeployModelTask" of process "9497220b-ac11-11f1-9fee-eeee0a8f4579"...#
#2026 09 09 05:44:54.848#Z#DEBUG#9496fad5-ac11-11f1-9fee-eeee0a8f4579.OPERATION#flowable-async-job-executor-thread-6819#
[BuildCloudUndeployModelStep] Building cloud undeployment model...#
#2026 09 09 05:44:54.851#Z#DEBUG#9496fad5-ac11-11f1-9fee-eeee0a8f4579.OPERATION#flowable-async-job-executor-thread-6819#
[BuildCloudUndeployModelStep] Detecting service keys to delete.#
#2026 09 09 05:44:54.852#Z#DEBUG#9496fad5-ac11-11f1-9fee-eeee0a8f4579.OPERATION#flowable-async-job-executor-thread-6819#
[BuildCloudUndeployModelStep] Detected deployed service keys by service "{booksodatav4-xsuaa-service=[DeployedMtaServiceKey{name=uaa_booksodatav4-key, metadata=CloudMetadata{guid=aba2359b-94ff-406b-8e4e-1c02989ed506, createdAt=2026-09-08T11:31:03, updatedAt=2026-09-08T11:31:04, url=null}, v3Metadata=Metadata{annotations={mta_id=booksodatav4, mta_version=1.0.0}, labels={mta_id=c627ae84dcd02b1759005f1a6237bd4b, space_guid=383e080d-c4c5-4598-b9e9-72e78ff581ba}}, credentials=null, serviceInstance=CloudServiceInstance{name=booksodatav4-xsuaa-service, metadata=CloudMetadata{guid=165ce54e-c848-49f7-9ed6-911bede74e19, createdAt=2026-09-08T11:09:44, updatedAt=2026-09-08T11:09:44, url=null}, v3Metadata=Metadata{annotations={mta_id=booksodatav4, mta_version=1.0.0, mta_resource={"name":"uaa_booksodatav4"}}, labels={mta_id=c627ae84dcd02b1759005f1a6237bd4b}}, label=null, plan=null, provider=null, broker=null, version=null, credentials={}, syslogDrainUrl=null, tags=[], type=managed, lastOperation=null}, serviceKeyOperation=null, resourceName=null}], booksodatav4-html5-app-host-service=[DeployedMtaServiceKey{name=booksodatav4_html_repo_host-key, metadata=CloudMetadata{guid=4790b3b6-df98-4116-86fb-714274162c98, createdAt=2026-09-08T11:31:03, updatedAt=2026-09-08T11:31:04, url=null}, v3Metadata=Metadata{annotations={mta_id=booksodatav4, mta_version=1.0.0}, labels={mta_id=c627ae84dcd02b1759005f1a6237bd4b, space_guid=383e080d-c4c5-4598-b9e9-72e78ff581ba}}, credentials=null, serviceInstance=CloudServiceInstance{name=booksodatav4-html5-app-host-service, metadata=CloudMetadata{guid=3227500a-b210-4102-9438-9b59e8033a7a, createdAt=2026-09-08T11:09:44, updatedAt=2026-09-08T11:09:45, url=null}, v3Metadata=Metadata{annotations={mta_id=booksodatav4, mta_version=1.0.0, mta_resource={"name":"booksodatav4_html_repo_host"}}, labels={mta_id=c627ae84dcd02b1759005f1a6237bd4b}}, label=null, plan=null, provider=null, broker=null, version=null, credentials={}, syslogDrainUrl=null, tags=[], type=managed, lastOperation=null}, serviceKeyOperation=null, resourceName=null}, DeployedMtaServiceKey{name=booksodatav4-app-content-booksodatav4_html_repo_host-credentials, metadata=CloudMetadata{guid=38339e8b-90b3-48e2-a422-bde6d60f1292, createdAt=2026-09-08T11:31:06, updatedAt=2026-09-08T11:31:08, url=null}, v3Metadata=Metadata{annotations={mta_id=booksodatav4, mta_version=1.0.0}, labels={mta_id=c627ae84dcd02b1759005f1a6237bd4b, space_guid=383e080d-c4c5-4598-b9e9-72e78ff581ba}}, credentials=null, serviceInstance=CloudServiceInstance{name=booksodatav4-html5-app-host-service, metadata=CloudMetadata{guid=3227500a-b210-4102-9438-9b59e8033a7a, createdAt=2026-09-08T11:09:44, updatedAt=2026-09-08T11:09:45, url=null}, v3Metadata=Metadata{annotations={mta_id=booksodatav4, mta_version=1.0.0, mta_resource={"name":"booksodatav4_html_repo_host"}}, labels={mta_id=c627ae84dcd02b1759005f1a6237bd4b}}, label=null, plan=null, provider=null, broker=null, version=null, credentials={}, syslogDrainUrl=null, tags=[], type=managed, lastOperation=null}, serviceKeyOperation=null, resourceName=null}], booksodatav4-destination-service=[DeployedMtaServiceKey{name=booksodatav4-destination-content-booksodatav4-destination-service-credentials, metadata=CloudMetadata{guid=fbd19148-03e4-4323-866c-8dd22b25dbdf, createdAt=2026-09-08T11:31:03, updatedAt=2026-09-08T11:31:04, url=null}, v3Metadata=Metadata{annotations={mta_id=booksodatav4, mta_version=1.0.0}, labels={mta_id=c627ae84dcd02b1759005f1a6237bd4b, space_guid=383e080d-c4c5-4598-b9e9-72e78ff581ba}}, credentials=null, serviceInstance=CloudServiceInstance{name=booksodatav4-destination-service, metadata=CloudMetadata{guid=892a90a3-be6b-414b-8300-cc84efbef906, createdAt=2026-09-08T11:09:43, updatedAt=2026-09-08T11:09:46, url=null}, v3Metadata=Metadata{annotations={mta_id=booksodatav4, mta_version=1.0.0, mta_resource={"name":"booksodatav4-destination-service"}}, labels={mta_id=c627ae84dcd02b1759005f1a6237bd4b}}, label=null, plan=null, provider=null, broker=null, version=null, credentials={}, syslogDrainUrl=null, tags=[], type=managed, lastOperation=null}, serviceKeyOperation=null, resourceName=null}]}"#
#2026 09 09 05:44:54.855#Z#DEBUG#9496fad5-ac11-11f1-9fee-eeee0a8f4579.OPERATION#flowable-async-job-executor-thread-6819#
[BuildCloudUndeployModelStep] New service keys by service "{booksodatav4-html5-app-host-service=[booksodatav4_html_repo_host-key, booksodatav4-app-content-booksodatav4_html_repo_host-credentials], booksodatav4-xsuaa-service=[uaa_booksodatav4-key], booksodatav4-destination-service=[booksodatav4-destination-content-booksodatav4-destination-service-credentials]}"#
#2026 09 09 05:44:54.857#Z#DEBUG#9496fad5-ac11-11f1-9fee-eeee0a8f4579.OPERATION#flowable-async-job-executor-thread-6819#
[BuildCloudUndeployModelStep] Existing service keys by service "{}"#
#2026 09 09 05:44:54.857#Z#DEBUG#9496fad5-ac11-11f1-9fee-eeee0a8f4579.OPERATION#flowable-async-job-executor-thread-6819#
[BuildCloudUndeployModelStep] Detected service keys to delete "[]"#
#2026 09 09 05:44:54.862#Z#DEBUG#9496fad5-ac11-11f1-9fee-eeee0a8f4579.OPERATION#flowable-async-job-executor-thread-6819#
[BuildCloudUndeployModelStep] MTA modules: [booksodatav4-srv, booksodatav4-destination-content, booksodatav4-app-content, booksodatav4-db-deployer]#
#2026 09 09 05:44:54.862#Z#DEBUG#9496fad5-ac11-11f1-9fee-eeee0a8f4579.OPERATION#flowable-async-job-executor-thread-6819#
[BuildCloudUndeployModelStep] Modules to undeploy: [ ]#
#2026 09 09 05:44:54.862#Z#DEBUG#9496fad5-ac11-11f1-9fee-eeee0a8f4579.OPERATION#flowable-async-job-executor-thread-6819#
[BuildCloudUndeployModelStep] Modules that won't be changed: [ ]#
#2026 09 09 05:44:54.863#Z#DEBUG#9496fad5-ac11-11f1-9fee-eeee0a8f4579.OPERATION#flowable-async-job-executor-thread-6819#
[BuildCloudUndeployModelStep] Subscriptions to delete: [ ]#
#2026 09 09 05:44:54.866#Z#DEBUG#9496fad5-ac11-11f1-9fee-eeee0a8f4579.OPERATION#flowable-async-job-executor-thread-6819#
[BuildCloudUndeployModelStep] Cloud services to delete: []#
#2026 09 09 05:44:54.866#Z#DEBUG#9496fad5-ac11-11f1-9fee-eeee0a8f4579.OPERATION#flowable-async-job-executor-thread-6819#
[BuildCloudUndeployModelStep] Cloud applications to undeploy: [ ]#
#2026 09 09 05:44:54.870#Z#DEBUG#9496fad5-ac11-11f1-9fee-eeee0a8f4579.OPERATION#flowable-async-job-executor-thread-6819#
[BuildCloudUndeployModelStep] Cloud undeployment model built#
#2026 09 09 05:44:54.870#Z#DEBUG#9496fad5-ac11-11f1-9fee-eeee0a8f4579.OPERATION#flowable-async-job-executor-thread-6819#
Step "Build Undeploy Model" finished#
#2026 09 09 05:44:54.916#Z#DEBUG#9496fad5-ac11-11f1-9fee-eeee0a8f4579.OPERATION#flowable-async-job-executor-thread-6819#
[AddDomainsStep] Executing task "addDomainsTask" of process "9497220b-ac11-11f1-9fee-eeee0a8f4579"...#
#2026 09 09 05:44:54.919#Z#DEBUG#9496fad5-ac11-11f1-9fee-eeee0a8f4579.OPERATION#flowable-async-job-executor-thread-6819#
[AddDomainsStep] Custom domains: []#
#2026 09 09 05:44:54.919#Z#DEBUG#9496fad5-ac11-11f1-9fee-eeee0a8f4579.OPERATION#flowable-async-job-executor-thread-6819#
Step "Add Domains" finished#
#2026 09 09 05:44:55.345#Z#DEBUG#9496fad5-ac11-11f1-9fee-eeee0a8f4579.OPERATION#flowable-async-job-executor-thread-6819#
[ExtractBatchedServicesWithResolvedDynamicParametersStep] Executing task "prepareModulesDeploymentTask" of process "959e3183-ac11-11f1-9fee-eeee0a8f4579"...#
#2026 09 09 05:44:55.346#Z#DEBUG#9496fad5-ac11-11f1-9fee-eeee0a8f4579.OPERATION#flowable-async-job-executor-thread-6819#
[ExtractBatchedServicesWithResolvedDynamicParametersStep] Extracting services and resolving dynamic parameters from batch#
#2026 09 09 05:44:55.348#Z#DEBUG#9496fad5-ac11-11f1-9fee-eeee0a8f4579.OPERATION#flowable-async-job-executor-thread-6819#
[ExtractBatchedServicesWithResolvedDynamicParametersStep] Services to create: [ {
  "isOptional" : false,
  "isManaged" : true,
  "name" : "booksodatav4-db",
  "v3Metadata" : {
    "annotations" : {
      "mta_id" : "booksodatav4",
      "mta_version" : "1.0.0",
      "mta_resource" : "{\"name\":\"booksodatav4-db\"}"
    },
    "labels" : {
      "mta_id" : "c627ae84dcd02b1759005f1a6237bd4b"
    }
  },
  "label" : "hana",
  "plan" : "hdi-shared",
  "credentials" : "********",
  "tags" : [ ],
  "type" : "managed",
  "resourceName" : "booksodatav4-db",
  "shouldSkipParametersUpdate" : false,
  "shouldSkipPlanUpdate" : false,
  "shouldSkipTagsUpdate" : false,
  "shouldSkipSyslogUrlUpdate" : false
}, {
  "isOptional" : false,
  "isManaged" : true,
  "name" : "booksodatav4-destination-service",
  "v3Metadata" : {
    "annotations" : {
      "mta_id" : "booksodatav4",
      "mta_version" : "1.0.0",
      "mta_resource" : "{\"name\":\"booksodatav4-destination-service\"}"
    },
    "labels" : {
      "mta_id" : "c627ae84dcd02b1759005f1a6237bd4b"
    }
  },
  "label" : "destination",
  "plan" : "lite",
  "credentials" : "********",
  "tags" : [ ],
  "type" : "managed",
  "resourceName" : "booksodatav4-destination-service",
  "shouldSkipParametersUpdate" : false,
  "shouldSkipPlanUpdate" : false,
  "shouldSkipTagsUpdate" : false,
  "shouldSkipSyslogUrlUpdate" : false
}, {
  "isOptional" : false,
  "isManaged" : true,
  "name" : "booksodatav4-html5-app-host-service",
  "v3Metadata" : {
    "annotations" : {
      "mta_id" : "booksodatav4",
      "mta_version" : "1.0.0",
      "mta_resource" : "{\"name\":\"booksodatav4_html_repo_host\"}"
    },
    "labels" : {
      "mta_id" : "c627ae84dcd02b1759005f1a6237bd4b"
    }
  },
  "label" : "html5-apps-repo",
  "plan" : "app-host",
  "credentials" : "********",
  "tags" : [ ],
  "type" : "managed",
  "resourceName" : "booksodatav4_html_repo_host",
  "shouldSkipParametersUpdate" : false,
  "shouldSkipPlanUpdate" : false,
  "shouldSkipTagsUpdate" : false,
  "shouldSkipSyslogUrlUpdate" : false
}, {
  "isOptional" : false,
  "isManaged" : true,
  "name" : "booksodatav4-xsuaa-service",
  "v3Metadata" : {
    "annotations" : {
      "mta_id" : "booksodatav4",
      "mta_version" : "1.0.0",
      "mta_resource" : "{\"name\":\"uaa_booksodatav4\"}"
    },
    "labels" : {
      "mta_id" : "c627ae84dcd02b1759005f1a6237bd4b"
    }
  },
  "label" : "xsuaa",
  "plan" : "application",
  "credentials" : "********",
  "tags" : [ ],
  "type" : "managed",
  "resourceName" : "uaa_booksodatav4",
  "shouldSkipParametersUpdate" : false,
  "shouldSkipPlanUpdate" : false,
  "shouldSkipTagsUpdate" : false,
  "shouldSkipSyslogUrlUpdate" : false
} ]#
#2026 09 09 05:44:55.350#Z#DEBUG#9496fad5-ac11-11f1-9fee-eeee0a8f4579.OPERATION#flowable-async-job-executor-thread-6819#
Step "Extract Services with Resolved Dynamic parameters from batch" finished#
#2026 09 09 05:44:55.474#Z#DEBUG#9496fad5-ac11-11f1-9fee-eeee0a8f4579.OPERATION#flowable-async-job-executor-thread-6816#
[CheckServiceOperationStateStep] Executing task "CheckServiceOperationStateTask" of process "95e1a36e-ac11-11f1-9fee-eeee0a8f4579"...#
#2026 09 09 05:44:55.476#Z#DEBUG#9496fad5-ac11-11f1-9fee-eeee0a8f4579.OPERATION#flowable-async-job-executor-thread-6816#
[CheckServiceOperationStateStep] Getting service instance "booksodatav4-destination-service"...#
#2026 09 09 05:44:55.603#Z#DEBUG#9496fad5-ac11-11f1-9fee-eeee0a8f4579.OPERATION#flowable-async-job-executor-thread-6816#
Step "Check for service operations in Progress" finished#
#2026 09 09 05:44:55.641#Z#DEBUG#9496fad5-ac11-11f1-9fee-eeee0a8f4579.OPERATION#flowable-async-job-executor-thread-6816#
[DetermineServiceCreateUpdateServiceActionsStep] Executing task "DetermineServiceCreateUpdateActionsTask" of process "95e1a36e-ac11-11f1-9fee-eeee0a8f4579"...#
#2026 09 09 05:44:55.643#Z#INFO#9496fad5-ac11-11f1-9fee-eeee0a8f4579.OPERATION#flowable-async-job-executor-thread-6816#
[DetermineServiceCreateUpdateServiceActionsStep] Processing service "booksodatav4-destination-service"...#
#2026 09 09 05:44:55.649#Z#DEBUG#9496fad5-ac11-11f1-9fee-eeee0a8f4579.OPERATION#flowable-async-job-executor-thread-6816#
[DetermineServiceCreateUpdateServiceActionsStep] Getting service instance "booksodatav4-destination-service"...#
#2026 09 09 05:44:55.778#Z#DEBUG#9496fad5-ac11-11f1-9fee-eeee0a8f4579.OPERATION#flowable-async-job-executor-thread-6816#
[DetermineServiceCreateUpdateServiceActionsStep] Existing service: {
  "name" : "booksodatav4-destination-service",
  "metadata" : {
    "guid" : "892a90a3-be6b-414b-8300-cc84efbef906",
    "createdAt" : [ 2026, 9, 8, 11, 9, 43 ],
    "updatedAt" : [ 2026, 9, 8, 11, 9, 46 ]
  },
  "v3Metadata" : {
    "annotations" : {
      "mta_id" : "booksodatav4",
      "mta_version" : "1.0.0",
      "mta_resource" : "{\"name\":\"booksodatav4-destination-service\"}"
    },
    "labels" : {
      "mta_id" : "c627ae84dcd02b1759005f1a6237bd4b"
    }
  },
  "label" : "destination",
  "plan" : "lite",
  "credentials" : "********",
  "tags" : [ ],
  "type" : "managed",
  "lastOperation" : {
    "type" : "UPDATE",
    "description" : "",
    "state" : "SUCCEEDED"
  }
}#
#2026 09 09 05:44:55.778#Z#DEBUG#9496fad5-ac11-11f1-9fee-eeee0a8f4579.OPERATION#flowable-async-job-executor-thread-6816#
[DetermineServiceCreateUpdateServiceActionsStep] Service parameters will be updated#
#2026 09 09 05:44:55.778#Z#DEBUG#9496fad5-ac11-11f1-9fee-eeee0a8f4579.OPERATION#flowable-async-job-executor-thread-6816#
[DetermineServiceCreateUpdateServiceActionsStep] New parameters: {
  "HTML5Runtime_enabled" : true,
  "init_data" : {
    "instance" : {
      "destinations" : [ {
        "Authentication" : "********",
        "Name" : "ui5",
        "ProxyType" : "Internet",
        "Type" : "HTTP",
        "URL" : "https://ui5.sap.com"
      } ],
      "existing_destinations_policy" : "update"
    }
  },
  "version" : "1.0.0"
}#
#2026 09 09 05:44:55.778#Z#DEBUG#9496fad5-ac11-11f1-9fee-eeee0a8f4579.OPERATION#flowable-async-job-executor-thread-6816#
Step "Determine update actions" finished#
#2026 09 09 05:44:55.846#Z#DEBUG#9496fad5-ac11-11f1-9fee-eeee0a8f4579.OPERATION#flowable-async-job-executor-thread-6812#
[CheckForServiceBindingOrKeyOperationStep] Executing task "CheckForServiceBindingOrKeyCreation" of process "95e1a36e-ac11-11f1-9fee-eeee0a8f4579"...#
#2026 09 09 05:44:55.849#Z#DEBUG#9496fad5-ac11-11f1-9fee-eeee0a8f4579.OPERATION#flowable-async-job-executor-thread-6812#
Step "Check for service binding or key creation" finished#
#2026 09 09 05:44:55.907#Z#DEBUG#9496fad5-ac11-11f1-9fee-eeee0a8f4579.OPERATION#flowable-async-job-executor-thread-6814#
[UpdateServiceParametersStep] Executing task "UpdateServiceParametersTask" of process "95e1a36e-ac11-11f1-9fee-eeee0a8f4579"...#
#2026 09 09 05:44:55.911#Z#INFO#9496fad5-ac11-11f1-9fee-eeee0a8f4579.OPERATION#flowable-async-job-executor-thread-6814#
[UpdateServiceParametersStep] Updating service "booksodatav4-destination-service"...#
#2026 09 09 05:44:55.921#Z#DEBUG#9496fad5-ac11-11f1-9fee-eeee0a8f4579.OPERATION#flowable-async-job-executor-thread-6814#
[UpdateServiceParametersStep] Updating service parameters for service "booksodatav4-destination-service"...#
#2026 09 09 05:44:56.012#Z#DEBUG#9496fad5-ac11-11f1-9fee-eeee0a8f4579.OPERATION#flowable-async-job-executor-thread-6814#
[UpdateServiceParametersStep] Service "booksodatav4-destination-service" updated#
#2026 09 09 05:44:56.013#Z#DEBUG#9496fad5-ac11-11f1-9fee-eeee0a8f4579.OPERATION#flowable-async-job-executor-thread-6814#
[UpdateServiceParametersStep] Triggered service operations: {
  "booksodatav4-destination-service" : "UPDATE"
}#
#2026 09 09 05:44:56.016#Z#DEBUG#9496fad5-ac11-11f1-9fee-eeee0a8f4579.OPERATION#flowable-async-job-executor-thread-6814#
Step "Update parameters" finished#
#2026 09 09 05:44:56.743#Z#DEBUG#9496fad5-ac11-11f1-9fee-eeee0a8f4579.OPERATION#flowable-async-job-executor-thread-9621#
[CheckServiceOperationStateStep] Executing task "CheckServiceOperationStateTask" of process "96a568f9-ac11-11f1-b39f-eeee0a9ef9bb"...#
#2026 09 09 05:44:56.744#Z#DEBUG#9496fad5-ac11-11f1-9fee-eeee0a8f4579.OPERATION#flowable-async-job-executor-thread-9621#
[CheckServiceOperationStateStep] Getting service instance "booksodatav4-db"...#
#2026 09 09 05:44:56.857#Z#DEBUG#9496fad5-ac11-11f1-9fee-eeee0a8f4579.OPERATION#flowable-async-job-executor-thread-9621#
Step "Check for service operations in Progress" finished#
#2026 09 09 05:44:56.843#Z#DEBUG#9496fad5-ac11-11f1-9fee-eeee0a8f4579.OPERATION#flowable-async-job-executor-thread-6813#
[CheckServiceOperationStateStep] Executing task "CheckServiceOperationStateTask" of process "96b2fd8d-ac11-11f1-9fee-eeee0a8f4579"...#
#2026 09 09 05:44:56.844#Z#DEBUG#9496fad5-ac11-11f1-9fee-eeee0a8f4579.OPERATION#flowable-async-job-executor-thread-6813#
[CheckServiceOperationStateStep] Getting service instance "booksodatav4-xsuaa-service"...#
#2026 09 09 05:44:56.962#Z#DEBUG#9496fad5-ac11-11f1-9fee-eeee0a8f4579.OPERATION#flowable-async-job-executor-thread-6813#
Step "Check for service operations in Progress" finished#
#2026 09 09 05:44:56.884#Z#DEBUG#9496fad5-ac11-11f1-9fee-eeee0a8f4579.OPERATION#flowable-async-job-executor-thread-9621#
[DetermineServiceCreateUpdateServiceActionsStep] Executing task "DetermineServiceCreateUpdateActionsTask" of process "96a568f9-ac11-11f1-b39f-eeee0a9ef9bb"...#
#2026 09 09 05:44:56.886#Z#INFO#9496fad5-ac11-11f1-9fee-eeee0a8f4579.OPERATION#flowable-async-job-executor-thread-9621#
[DetermineServiceCreateUpdateServiceActionsStep] Processing service "booksodatav4-db"...#
#2026 09 09 05:44:56.889#Z#DEBUG#9496fad5-ac11-11f1-9fee-eeee0a8f4579.OPERATION#flowable-async-job-executor-thread-9621#
[DetermineServiceCreateUpdateServiceActionsStep] Getting service instance "booksodatav4-db"...#
#2026 09 09 05:44:57.005#Z#DEBUG#9496fad5-ac11-11f1-9fee-eeee0a8f4579.OPERATION#flowable-async-job-executor-thread-9621#
[DetermineServiceCreateUpdateServiceActionsStep] Existing service: {
  "name" : "booksodatav4-db",
  "metadata" : {
    "guid" : "8c00239a-6ad2-4b0e-922a-c0cdff9359aa",
    "createdAt" : [ 2026, 9, 8, 11, 39, 13 ],
    "updatedAt" : [ 2026, 9, 8, 11, 39, 13 ]
  },
  "v3Metadata" : {
    "annotations" : {
      "mta_id" : "booksodatav4",
      "mta_version" : "1.0.0",
      "mta_resource" : "{\"name\":\"booksodatav4-db\"}"
    },
    "labels" : {
      "mta_id" : "c627ae84dcd02b1759005f1a6237bd4b"
    }
  },
  "label" : "hana",
  "plan" : "hdi-shared",
  "credentials" : "********",
  "tags" : [ ],
  "type" : "managed",
  "lastOperation" : {
    "type" : "CREATE",
    "state" : "SUCCEEDED"
  }
}#
#2026 09 09 05:44:57.005#Z#WARN#9496fad5-ac11-11f1-9fee-eeee0a8f4579.OPERATION#flowable-async-job-executor-thread-9621#
[DetermineServiceCreateUpdateServiceActionsStep] Service parameters for service "booksodatav4-db" will not be updated, as the parameters are not defined or empty.#
#2026 09 09 05:44:57.005#Z#DEBUG#9496fad5-ac11-11f1-9fee-eeee0a8f4579.OPERATION#flowable-async-job-executor-thread-9621#
Step "Determine update actions" finished#
#2026 09 09 05:44:57.046#Z#DEBUG#9496fad5-ac11-11f1-9fee-eeee0a8f4579.OPERATION#flowable-async-job-executor-thread-9621#
[CheckForServiceBindingOrKeyOperationStep] Executing task "CheckForServiceBindingOrKeyCreation" of process "96a568f9-ac11-11f1-b39f-eeee0a9ef9bb"...#
#2026 09 09 05:44:57.047#Z#DEBUG#9496fad5-ac11-11f1-9fee-eeee0a8f4579.OPERATION#flowable-async-job-executor-thread-9621#
Step "Check for service binding or key creation" finished#
#2026 09 09 05:44:56.999#Z#DEBUG#9496fad5-ac11-11f1-9fee-eeee0a8f4579.OPERATION#flowable-async-job-executor-thread-6813#
[DetermineServiceCreateUpdateServiceActionsStep] Executing task "DetermineServiceCreateUpdateActionsTask" of process "96b2fd8d-ac11-11f1-9fee-eeee0a8f4579"...#
#2026 09 09 05:44:57.001#Z#INFO#9496fad5-ac11-11f1-9fee-eeee0a8f4579.OPERATION#flowable-async-job-executor-thread-6813#
[DetermineServiceCreateUpdateServiceActionsStep] Processing service "booksodatav4-xsuaa-service"...#
#2026 09 09 05:44:57.007#Z#DEBUG#9496fad5-ac11-11f1-9fee-eeee0a8f4579.OPERATION#flowable-async-job-executor-thread-6813#
[DetermineServiceCreateUpdateServiceActionsStep] Getting service instance "booksodatav4-xsuaa-service"...#
#2026 09 09 05:44:57.132#Z#INFO#9496fad5-ac11-11f1-9fee-eeee0a8f4579.OPERATION#flowable-async-job-executor-thread-6813#
[DetermineServiceCreateUpdateServiceActionsStep] Setting service "booksodatav4-xsuaa-service" parameters from "xs-security.json"#
#2026 09 09 05:44:57.175#Z#DEBUG#9496fad5-ac11-11f1-9fee-eeee0a8f4579.OPERATION#flowable-async-job-executor-thread-6813#
[DetermineServiceCreateUpdateServiceActionsStep] Existing service: {
  "name" : "booksodatav4-xsuaa-service",
  "metadata" : {
    "guid" : "165ce54e-c848-49f7-9ed6-911bede74e19",
    "createdAt" : [ 2026, 9, 8, 11, 9, 44 ],
    "updatedAt" : [ 2026, 9, 8, 11, 9, 44 ]
  },
  "v3Metadata" : {
    "annotations" : {
      "mta_id" : "booksodatav4",
      "mta_version" : "1.0.0",
      "mta_resource" : "{\"name\":\"uaa_booksodatav4\"}"
    },
    "labels" : {
      "mta_id" : "c627ae84dcd02b1759005f1a6237bd4b"
    }
  },
  "label" : "xsuaa",
  "plan" : "application",
  "credentials" : "********",
  "tags" : [ ],
  "type" : "managed",
  "lastOperation" : {
    "type" : "UPDATE",
    "description" : "",
    "state" : "SUCCEEDED"
  }
}#
#2026 09 09 05:44:57.175#Z#DEBUG#9496fad5-ac11-11f1-9fee-eeee0a8f4579.OPERATION#flowable-async-job-executor-thread-6813#
[DetermineServiceCreateUpdateServiceActionsStep] Service parameters will be updated#
#2026 09 09 05:44:57.175#Z#DEBUG#9496fad5-ac11-11f1-9fee-eeee0a8f4579.OPERATION#flowable-async-job-executor-thread-6813#
[DetermineServiceCreateUpdateServiceActionsStep] New parameters: {
  "description" : "Security profile of called application",
  "role-templates" : [ {
    "name" : "********",
    "description" : "UAA",
    "scope-references" : [ "********" ]
  } ],
  "scopes" : [ {
    "name" : "********",
    "description" : "UAA"
  } ],
  "tenant-mode" : "dedicated",
  "xsappname" : "booksodatav4"
}#
#2026 09 09 05:44:57.175#Z#DEBUG#9496fad5-ac11-11f1-9fee-eeee0a8f4579.OPERATION#flowable-async-job-executor-thread-6813#
Step "Determine update actions" finished#
#2026 09 09 05:44:57.231#Z#DEBUG#9496fad5-ac11-11f1-9fee-eeee0a8f4579.OPERATION#flowable-async-job-executor-thread-6813#
[CheckForServiceBindingOrKeyOperationStep] Executing task "CheckForServiceBindingOrKeyCreation" of process "96b2fd8d-ac11-11f1-9fee-eeee0a8f4579"...#
#2026 09 09 05:44:57.233#Z#DEBUG#9496fad5-ac11-11f1-9fee-eeee0a8f4579.OPERATION#flowable-async-job-executor-thread-6813#
Step "Check for service binding or key creation" finished#
#2026 09 09 05:44:57.281#Z#DEBUG#9496fad5-ac11-11f1-9fee-eeee0a8f4579.OPERATION#flowable-async-job-executor-thread-6813#
[UpdateServiceParametersStep] Executing task "UpdateServiceParametersTask" of process "96b2fd8d-ac11-11f1-9fee-eeee0a8f4579"...#
#2026 09 09 05:44:57.285#Z#INFO#9496fad5-ac11-11f1-9fee-eeee0a8f4579.OPERATION#flowable-async-job-executor-thread-6813#
[UpdateServiceParametersStep] Updating service "booksodatav4-xsuaa-service"...#
#2026 09 09 05:44:57.292#Z#DEBUG#9496fad5-ac11-11f1-9fee-eeee0a8f4579.OPERATION#flowable-async-job-executor-thread-6813#
[UpdateServiceParametersStep] Updating service parameters for service "booksodatav4-xsuaa-service"...#
#2026 09 09 05:44:57.390#Z#DEBUG#9496fad5-ac11-11f1-9fee-eeee0a8f4579.OPERATION#flowable-async-job-executor-thread-6813#
[UpdateServiceParametersStep] Service "booksodatav4-xsuaa-service" updated#
#2026 09 09 05:44:57.390#Z#DEBUG#9496fad5-ac11-11f1-9fee-eeee0a8f4579.OPERATION#flowable-async-job-executor-thread-6813#
[UpdateServiceParametersStep] Triggered service operations: {
  "booksodatav4-xsuaa-service" : "UPDATE"
}#
#2026 09 09 05:44:57.392#Z#DEBUG#9496fad5-ac11-11f1-9fee-eeee0a8f4579.OPERATION#flowable-async-job-executor-thread-6813#
Step "Update parameters" finished#
#2026 09 09 05:44:59.747#Z#DEBUG#9496fad5-ac11-11f1-9fee-eeee0a8f4579.OPERATION#flowable-async-job-executor-thread-15717#
[CheckServiceOperationStateStep] Executing task "CheckServiceOperationStateTask" of process "986fa0f0-ac11-11f1-ac4f-eeee0a970c81"...#
#2026 09 09 05:44:59.747#Z#DEBUG#9496fad5-ac11-11f1-9fee-eeee0a8f4579.OPERATION#flowable-async-job-executor-thread-15717#
[CheckServiceOperationStateStep] Getting service instance "booksodatav4-html5-app-host-service"...#
#2026 09 09 05:44:59.861#Z#DEBUG#9496fad5-ac11-11f1-9fee-eeee0a8f4579.OPERATION#flowable-async-job-executor-thread-15717#
Step "Check for service operations in Progress" finished#
#2026 09 09 05:44:59.885#Z#DEBUG#9496fad5-ac11-11f1-9fee-eeee0a8f4579.OPERATION#flowable-async-job-executor-thread-15717#
[DetermineServiceCreateUpdateServiceActionsStep] Executing task "DetermineServiceCreateUpdateActionsTask" of process "986fa0f0-ac11-11f1-ac4f-eeee0a970c81"...#
#2026 09 09 05:44:59.887#Z#INFO#9496fad5-ac11-11f1-9fee-eeee0a8f4579.OPERATION#flowable-async-job-executor-thread-15717#
[DetermineServiceCreateUpdateServiceActionsStep] Processing service "booksodatav4-html5-app-host-service"...#
#2026 09 09 05:44:59.890#Z#DEBUG#9496fad5-ac11-11f1-9fee-eeee0a8f4579.OPERATION#flowable-async-job-executor-thread-15717#
[DetermineServiceCreateUpdateServiceActionsStep] Getting service instance "booksodatav4-html5-app-host-service"...#
#2026 09 09 05:45:00.035#Z#DEBUG#9496fad5-ac11-11f1-9fee-eeee0a8f4579.OPERATION#flowable-async-job-executor-thread-15717#
[DetermineServiceCreateUpdateServiceActionsStep] Existing service: {
  "name" : "booksodatav4-html5-app-host-service",
  "metadata" : {
    "guid" : "3227500a-b210-4102-9438-9b59e8033a7a",
    "createdAt" : [ 2026, 9, 8, 11, 9, 44 ],
    "updatedAt" : [ 2026, 9, 8, 11, 9, 45 ]
  },
  "v3Metadata" : {
    "annotations" : {
      "mta_id" : "booksodatav4",
      "mta_version" : "1.0.0",
      "mta_resource" : "{\"name\":\"booksodatav4_html_repo_host\"}"
    },
    "labels" : {
      "mta_id" : "c627ae84dcd02b1759005f1a6237bd4b"
    }
  },
  "label" : "html5-apps-repo",
  "plan" : "app-host",
  "credentials" : "********",
  "tags" : [ ],
  "type" : "managed",
  "lastOperation" : {
    "type" : "CREATE",
    "description" : "",
    "state" : "SUCCEEDED"
  }
}#
#2026 09 09 05:45:00.035#Z#WARN#9496fad5-ac11-11f1-9fee-eeee0a8f4579.OPERATION#flowable-async-job-executor-thread-15717#
[DetermineServiceCreateUpdateServiceActionsStep] Service parameters for service "booksodatav4-html5-app-host-service" will not be updated, as the parameters are not defined or empty.#
#2026 09 09 05:45:00.035#Z#DEBUG#9496fad5-ac11-11f1-9fee-eeee0a8f4579.OPERATION#flowable-async-job-executor-thread-15717#
Step "Determine update actions" finished#
#2026 09 09 05:45:00.164#Z#DEBUG#9496fad5-ac11-11f1-9fee-eeee0a8f4579.OPERATION#flowable-async-job-executor-thread-15717#
[CheckForServiceBindingOrKeyOperationStep] Executing task "CheckForServiceBindingOrKeyCreation" of process "986fa0f0-ac11-11f1-ac4f-eeee0a970c81"...#
#2026 09 09 05:45:00.166#Z#DEBUG#9496fad5-ac11-11f1-9fee-eeee0a8f4579.OPERATION#flowable-async-job-executor-thread-15717#
Step "Check for service binding or key creation" finished#
#2026 09 09 05:45:05.790#Z#DEBUG#9496fad5-ac11-11f1-9fee-eeee0a8f4579.OPERATION#flowable-async-job-executor-thread-15729#
[UpdateServiceParametersStep] Executing task "UpdateServiceParametersTask" of process "95e1a36e-ac11-11f1-9fee-eeee0a8f4579"...#
#2026 09 09 05:45:05.791#Z#DEBUG#9496fad5-ac11-11f1-9fee-eeee0a8f4579.OPERATION#flowable-async-job-executor-thread-15729#
[UpdateServiceParametersStep] Polling service operations...#
#2026 09 09 05:45:05.794#Z#DEBUG#9496fad5-ac11-11f1-9fee-eeee0a8f4579.OPERATION#flowable-async-job-executor-thread-15729#
[UpdateServiceParametersStep] Getting service instance "booksodatav4-destination-service"...#
#2026 09 09 05:45:05.799#Z#DEBUG#9496fad5-ac11-11f1-9fee-eeee0a8f4579.OPERATION#flowable-async-job-executor-thread-15723#
[UpdateServiceParametersStep] Executing task "UpdateServiceParametersTask" of process "96b2fd8d-ac11-11f1-9fee-eeee0a8f4579"...#
#2026 09 09 05:45:05.800#Z#DEBUG#9496fad5-ac11-11f1-9fee-eeee0a8f4579.OPERATION#flowable-async-job-executor-thread-15723#
[UpdateServiceParametersStep] Polling service operations...#
#2026 09 09 05:45:05.803#Z#DEBUG#9496fad5-ac11-11f1-9fee-eeee0a8f4579.OPERATION#flowable-async-job-executor-thread-15723#
[UpdateServiceParametersStep] Getting service instance "booksodatav4-xsuaa-service"...#
#2026 09 09 05:45:05.916#Z#DEBUG#9496fad5-ac11-11f1-9fee-eeee0a8f4579.OPERATION#flowable-async-job-executor-thread-15723#
[UpdateServiceParametersStep] Last operation for service "booksodatav4-xsuaa-service": {
  "type" : "UPDATE",
  "description" : "",
  "state" : "SUCCEEDED"
}#
#2026 09 09 05:45:05.916#Z#DEBUG#9496fad5-ac11-11f1-9fee-eeee0a8f4579.OPERATION#flowable-async-job-executor-thread-15723#
[UpdateServiceParametersStep] Service "booksodatav4-xsuaa-service" updated#
#2026 09 09 05:45:05.917#Z#INFO#9496fad5-ac11-11f1-9fee-eeee0a8f4579.OPERATION#flowable-async-job-executor-thread-15723#
[UpdateServiceParametersStep] 1 of 1 done#
#2026 09 09 05:45:05.921#Z#DEBUG#9496fad5-ac11-11f1-9fee-eeee0a8f4579.OPERATION#flowable-async-job-executor-thread-15723#
[UpdateServiceParametersStep] Remaining services to poll: [ ]#
#2026 09 09 05:45:05.922#Z#DEBUG#9496fad5-ac11-11f1-9fee-eeee0a8f4579.OPERATION#flowable-async-job-executor-thread-15723#
Step "Update parameters" finished#
#2026 09 09 05:45:05.932#Z#DEBUG#9496fad5-ac11-11f1-9fee-eeee0a8f4579.OPERATION#flowable-async-job-executor-thread-15729#
[UpdateServiceParametersStep] Last operation for service "booksodatav4-destination-service": {
  "type" : "UPDATE",
  "description" : "",
  "state" : "SUCCEEDED"
}#
#2026 09 09 05:45:05.932#Z#DEBUG#9496fad5-ac11-11f1-9fee-eeee0a8f4579.OPERATION#flowable-async-job-executor-thread-15729#
[UpdateServiceParametersStep] Service "booksodatav4-destination-service" updated#
#2026 09 09 05:45:05.932#Z#INFO#9496fad5-ac11-11f1-9fee-eeee0a8f4579.OPERATION#flowable-async-job-executor-thread-15729#
[UpdateServiceParametersStep] 1 of 1 done#
#2026 09 09 05:45:05.937#Z#DEBUG#9496fad5-ac11-11f1-9fee-eeee0a8f4579.OPERATION#flowable-async-job-executor-thread-15729#
[UpdateServiceParametersStep] Remaining services to poll: [ ]#
#2026 09 09 05:45:05.938#Z#DEBUG#9496fad5-ac11-11f1-9fee-eeee0a8f4579.OPERATION#flowable-async-job-executor-thread-15729#
Step "Update parameters" finished#
#2026 09 09 05:45:08.902#Z#DEBUG#9496fad5-ac11-11f1-9fee-eeee0a8f4579.OPERATION#flowable-async-job-executor-thread-15733#
[PrepareModulesDeploymentStep] Executing task "prepareModulesDeploymentTask" of process "9de41d05-ac11-11f1-ac4f-eeee0a970c81"...#
#2026 09 09 05:45:08.903#Z#DEBUG#9496fad5-ac11-11f1-9fee-eeee0a8f4579.OPERATION#flowable-async-job-executor-thread-15733#
[PrepareModulesDeploymentStep] Preparing modules deployment...#
#2026 09 09 05:45:08.907#Z#DEBUG#9496fad5-ac11-11f1-9fee-eeee0a8f4579.OPERATION#flowable-async-job-executor-thread-15733#
Step "Prepare Modules Deployment" finished#
#2026 09 09 05:45:08.937#Z#DEBUG#9496fad5-ac11-11f1-9fee-eeee0a8f4579.OPERATION#flowable-async-job-executor-thread-15733#
[ComputeNextModulesStep] Executing task "computeNextModulesToDeployInParallel" of process "9de41d05-ac11-11f1-ac4f-eeee0a970c81"...#
#2026 09 09 05:45:08.937#Z#DEBUG#9496fad5-ac11-11f1-9fee-eeee0a8f4579.OPERATION#flowable-async-job-executor-thread-15733#
[ComputeNextModulesStep] Computing modules for next parallel iteration...#
#2026 09 09 05:45:08.941#Z#DEBUG#9496fad5-ac11-11f1-9fee-eeee0a8f4579.OPERATION#flowable-async-job-executor-thread-15733#
[ComputeNextModulesStep] Completed modules detected: []#
#2026 09 09 05:45:08.941#Z#DEBUG#9496fad5-ac11-11f1-9fee-eeee0a8f4579.OPERATION#flowable-async-job-executor-thread-15733#
[ComputeNextModulesStep] All modules for deploy detected: [booksodatav4-srv, booksodatav4-destination-content, booksodatav4-app-content, booksodatav4-db-deployer]#
#2026 09 09 05:45:08.941#Z#DEBUG#9496fad5-ac11-11f1-9fee-eeee0a8f4579.OPERATION#flowable-async-job-executor-thread-15733#
[ComputeNextModulesStep] Modules not for deploy detected: []#
#2026 09 09 05:45:08.941#Z#DEBUG#9496fad5-ac11-11f1-9fee-eeee0a8f4579.OPERATION#flowable-async-job-executor-thread-15733#
[ComputeNextModulesStep] Computed modules for next parallel iteration: [ {
  "majorSchemaVersion" : 3,
  "name" : "booksodatav4-srv",
  "type" : "javascript.nodejs",
  "path" : "booksodatav4-srv",
  "properties" : { },
  "parameters" : {
    "app-name" : "booksodatav4-srv",
    "buildpack" : "nodejs_buildpack",
    "default-app-name" : "booksodatav4-srv",
    "default-host" : "d0df43b9trial-dev-booksodatav4-srv",
    "default-instances" : 1,
    "default-live-app-name" : "booksodatav4-srv",
    "default-live-domain" : "cfapps.us10-001.hana.ondemand.com",
    "default-live-host" : "d0df43b9trial-dev-booksodatav4-srv",
    "default-live-uri" : "d0df43b9trial-dev-booksodatav4-srv.cfapps.us10-001.hana.ondemand.com",
    "default-live-url" : "https://d0df43b9trial-dev-booksodatav4-srv.cfapps.us10-001.hana.ondemand.com",
    "default-uri" : "d0df43b9trial-dev-booksodatav4-srv.cfapps.us10-001.hana.ondemand.com",
    "default-url" : "https://d0df43b9trial-dev-booksodatav4-srv.cfapps.us10-001.hana.ondemand.com",
    "dependency-type" : "soft",
    "domain" : "cfapps.us10-001.hana.ondemand.com",
    "generated-password" : "********",
    "generated-user" : "********",
    "host" : "d0df43b9trial-dev-booksodatav4-srv",
    "instances" : 1,
    "protocol" : "https"
  },
  "requiredDependencies" : [ {
    "majorSchemaVersion" : 3,
    "name" : "booksodatav4-db",
    "properties" : { },
    "parameters" : { },
    "propertiesMetadata" : {
      "metadata" : { }
    },
    "parametersMetadata" : {
      "metadata" : { }
    }
  }, {
    "majorSchemaVersion" : 3,
    "name" : "uaa_booksodatav4",
    "properties" : { },
    "parameters" : { },
    "propertiesMetadata" : {
      "metadata" : { }
    },
    "parametersMetadata" : {
      "metadata" : { }
    }
  } ],
  "providedDependencies" : [ {
    "majorSchemaVersion" : 3,
    "name" : "srv-api",
    "isPublic" : false,
    "properties" : {
      "srv-url" : "https://d0df43b9trial-dev-booksodatav4-srv.cfapps.us10-001.hana.ondemand.com"
    },
    "parameters" : { },
    "propertiesMetadata" : {
      "metadata" : { }
    },
    "parametersMetadata" : {
      "metadata" : { }
    }
  }, {
    "majorSchemaVersion" : 3,
    "name" : "booksodatav4-srv",
    "isPublic" : false,
    "properties" : { },
    "parameters" : { },
    "propertiesMetadata" : {
      "metadata" : { }
    },
    "parametersMetadata" : {
      "metadata" : { }
    }
  } ],
  "propertiesMetadata" : {
    "metadata" : { }
  },
  "parametersMetadata" : {
    "metadata" : { }
  },
  "deployedAfter" : [ ],
  "hooks" : [ ]
}, {
  "majorSchemaVersion" : 3,
  "name" : "booksodatav4-db-deployer",
  "type" : "com.sap.xs.hdi",
  "path" : "booksodatav4-db-deployer",
  "properties" : {
    "EXIT" : 1
  },
  "parameters" : {
    "app-name" : "booksodatav4-db-deployer",
    "buildpack" : "nodejs_buildpack",
    "default-app-name" : "booksodatav4-db-deployer",
    "default-host" : "d0df43b9trial-dev-booksodatav4-db-deployer",
    "default-instances" : 1,
    "default-live-app-name" : "booksodatav4-db-deployer",
    "default-live-domain" : "cfapps.us10-001.hana.ondemand.com",
    "default-live-host" : "d0df43b9trial-dev-booksodatav4-db-deployer",
    "default-live-uri" : "d0df43b9trial-dev-booksodatav4-db-deployer.cfapps.us10-001.hana.ondemand.com",
    "default-live-url" : "https://d0df43b9trial-dev-booksodatav4-db-deployer.cfapps.us10-001.hana.ondemand.com",
    "default-uri" : "d0df43b9trial-dev-booksodatav4-db-deployer.cfapps.us10-001.hana.ondemand.com",
    "default-url" : "https://d0df43b9trial-dev-booksodatav4-db-deployer.cfapps.us10-001.hana.ondemand.com",
    "dependency-type" : "hard",
    "domain" : "cfapps.us10-001.hana.ondemand.com",
    "generated-password" : "********",
    "generated-user" : "********",
    "host" : "d0df43b9trial-dev-booksodatav4-db-deployer",
    "instances" : 1,
    "memory" : "256M",
    "no-route" : true,
    "no-start" : true,
    "protocol" : "https",
    "tasks" : [ {
      "command" : "npm start",
      "memory" : "256M",
      "name" : "deploy"
    } ]
  },
  "requiredDependencies" : [ {
    "majorSchemaVersion" : 3,
    "name" : "booksodatav4-db",
    "properties" : { },
    "parameters" : { },
    "propertiesMetadata" : {
      "metadata" : { }
    },
    "parametersMetadata" : {
      "metadata" : { }
    }
  } ],
  "providedDependencies" : [ {
    "majorSchemaVersion" : 3,
    "name" : "booksodatav4-db-deployer",
    "isPublic" : false,
    "properties" : { },
    "parameters" : { },
    "propertiesMetadata" : {
      "metadata" : { }
    },
    "parametersMetadata" : {
      "metadata" : { }
    }
  } ],
  "propertiesMetadata" : {
    "metadata" : { }
  },
  "parametersMetadata" : {
    "metadata" : { }
  },
  "deployedAfter" : [ ],
  "hooks" : [ ]
}, {
  "majorSchemaVersion" : 3,
  "name" : "booksodatav4-destination-content",
  "type" : "com.sap.application.content",
  "properties" : { },
  "parameters" : {
    "app-name" : "booksodatav4-destination-content",
    "content" : {
      "instance" : {
        "destinations" : [ {
          "Name" : "booksodatav4capm_booksodatav4_html_repo_host",
          "ServiceInstanceName" : "booksodatav4-html5-app-host-service",
          "ServiceKeyName" : "********",
          "sap.cloud.service" : "booksodatav4capm"
        }, {
          "Authentication" : "********",
          "Name" : "booksodatav4capm_uaa_booksodatav4",
          "ServiceInstanceName" : "booksodatav4-xsuaa-service",
          "ServiceKeyName" : "********",
          "sap.cloud.service" : "booksodatav4capm"
        }, {
          "Authentication" : "********",
          "HTML5.DynamicDestination" : true,
          "HTML5.ForwardAuthToken" : "********",
          "Name" : "srv-api",
          "ProxyType" : "Internet",
          "Type" : "HTTP",
          "URL" : "https://d0df43b9trial-dev-booksodatav4-srv.cfapps.us10-001.hana.ondemand.com"
        } ],
        "existing_destinations_policy" : "update"
      }
    },
    "default-app-name" : "booksodatav4-destination-content",
    "default-host" : "d0df43b9trial-dev-booksodatav4-destination-content",
    "default-instances" : 1,
    "default-live-app-name" : "booksodatav4-destination-content",
    "default-live-domain" : "cfapps.us10-001.hana.ondemand.com",
    "default-live-host" : "d0df43b9trial-dev-booksodatav4-destination-content",
    "default-live-uri" : "d0df43b9trial-dev-booksodatav4-destination-content.cfapps.us10-001.hana.ondemand.com",
    "default-live-url" : "https://d0df43b9trial-dev-booksodatav4-destination-content.cfapps.us10-001.hana.ondemand.com",
    "default-uri" : "d0df43b9trial-dev-booksodatav4-destination-content.cfapps.us10-001.hana.ondemand.com",
    "default-url" : "https://d0df43b9trial-dev-booksodatav4-destination-content.cfapps.us10-001.hana.ondemand.com",
    "dependency-type" : "soft",
    "domain" : "cfapps.us10-001.hana.ondemand.com",
    "generated-password" : "********",
    "generated-user" : "********",
    "host" : "d0df43b9trial-dev-booksodatav4-destination-content",
    "instances" : 1,
    "protocol" : "https"
  },
  "requiredDependencies" : [ {
    "majorSchemaVersion" : 3,
    "name" : "booksodatav4-destination-service",
    "properties" : { },
    "parameters" : {
      "content-target" : true
    },
    "propertiesMetadata" : {
      "metadata" : { }
    },
    "parametersMetadata" : {
      "metadata" : { }
    }
  }, {
    "majorSchemaVersion" : 3,
    "name" : "booksodatav4_html_repo_host",
    "properties" : { },
    "parameters" : {
      "service-key" : "********"
    },
    "propertiesMetadata" : {
      "metadata" : { }
    },
    "parametersMetadata" : {
      "metadata" : { }
    }
  }, {
    "majorSchemaVersion" : 3,
    "name" : "uaa_booksodatav4",
    "properties" : { },
    "parameters" : {
      "service-key" : "********"
    },
    "propertiesMetadata" : {
      "metadata" : { }
    },
    "parametersMetadata" : {
      "metadata" : { }
    }
  }, {
    "majorSchemaVersion" : 3,
    "name" : "srv-api",
    "properties" : { },
    "parameters" : { },
    "propertiesMetadata" : {
      "metadata" : { }
    },
    "parametersMetadata" : {
      "metadata" : { }
    }
  } ],
  "providedDependencies" : [ {
    "majorSchemaVersion" : 3,
    "name" : "booksodatav4-destination-content",
    "isPublic" : false,
    "properties" : { },
    "parameters" : { },
    "propertiesMetadata" : {
      "metadata" : { }
    },
    "parametersMetadata" : {
      "metadata" : { }
    }
  } ],
  "propertiesMetadata" : {
    "metadata" : { }
  },
  "parametersMetadata" : {
    "metadata" : { }
  },
  "deployedAfter" : [ ],
  "hooks" : [ ]
}, {
  "majorSchemaVersion" : 3,
  "name" : "booksodatav4-app-content",
  "type" : "com.sap.application.content",
  "path" : "booksodatav4-app-content",
  "properties" : { },
  "parameters" : {
    "app-name" : "booksodatav4-app-content",
    "default-app-name" : "booksodatav4-app-content",
    "default-host" : "d0df43b9trial-dev-booksodatav4-app-content",
    "default-instances" : 1,
    "default-live-app-name" : "booksodatav4-app-content",
    "default-live-domain" : "cfapps.us10-001.hana.ondemand.com",
    "default-live-host" : "d0df43b9trial-dev-booksodatav4-app-content",
    "default-live-uri" : "d0df43b9trial-dev-booksodatav4-app-content.cfapps.us10-001.hana.ondemand.com",
    "default-live-url" : "https://d0df43b9trial-dev-booksodatav4-app-content.cfapps.us10-001.hana.ondemand.com",
    "default-uri" : "d0df43b9trial-dev-booksodatav4-app-content.cfapps.us10-001.hana.ondemand.com",
    "default-url" : "https://d0df43b9trial-dev-booksodatav4-app-content.cfapps.us10-001.hana.ondemand.com",
    "dependency-type" : "soft",
    "domain" : "cfapps.us10-001.hana.ondemand.com",
    "generated-password" : "********",
    "generated-user" : "********",
    "host" : "d0df43b9trial-dev-booksodatav4-app-content",
    "instances" : 1,
    "protocol" : "https"
  },
  "requiredDependencies" : [ {
    "majorSchemaVersion" : 3,
    "name" : "booksodatav4_html_repo_host",
    "properties" : { },
    "parameters" : {
      "content-target" : true
    },
    "propertiesMetadata" : {
      "metadata" : { }
    },
    "parametersMetadata" : {
      "metadata" : { }
    }
  } ],
  "providedDependencies" : [ {
    "majorSchemaVersion" : 3,
    "name" : "booksodatav4-app-content",
    "isPublic" : false,
    "properties" : { },
    "parameters" : { },
    "propertiesMetadata" : {
      "metadata" : { }
    },
    "parametersMetadata" : {
      "metadata" : { }
    }
  } ],
  "propertiesMetadata" : {
    "metadata" : { }
  },
  "parametersMetadata" : {
    "metadata" : { }
  },
  "deployedAfter" : [ ],
  "hooks" : [ ]
} ]#
#2026 09 09 05:45:08.941#Z#DEBUG#9496fad5-ac11-11f1-9fee-eeee0a8f4579.OPERATION#flowable-async-job-executor-thread-15733#
Step "Compute Next Modules To Deploy" finished#
#2026 09 09 05:45:09.077#Z#DEBUG#9496fad5-ac11-11f1-9fee-eeee0a8f4579.OPERATION#flowable-async-job-executor-thread-15733#
[ProcessDescriptorStep] Executing task "reprocessDescriptorTask" of process "9dfb7674-ac11-11f1-ac4f-eeee0a970c81"...#
#2026 09 09 05:45:09.078#Z#DEBUG#9496fad5-ac11-11f1-9fee-eeee0a8f4579.OPERATION#flowable-async-job-executor-thread-15733#
[ProcessDescriptorStep] Resolving properties and parameters in merged descriptor...#
#2026 09 09 05:45:09.082#Z#DEBUG#9496fad5-ac11-11f1-9fee-eeee0a8f4579.OPERATION#flowable-async-job-executor-thread-15733#
[ProcessDescriptorStep] Subscriptions: [ ]#
#2026 09 09 05:45:09.088#Z#DEBUG#9496fad5-ac11-11f1-9fee-eeee0a8f4579.OPERATION#flowable-async-job-executor-thread-15733#
[ProcessDescriptorStep] MTA modules: [booksodatav4-srv, booksodatav4-destination-content, booksodatav4-app-content, booksodatav4-db-deployer]#
#2026 09 09 05:45:09.091#Z#DEBUG#9496fad5-ac11-11f1-9fee-eeee0a8f4579.OPERATION#flowable-async-job-executor-thread-15733#
[ProcessDescriptorStep] Resolved deployment descriptor: {
  "majorSchemaVersion" : 3,
  "schemaVersion" : "3.3.0",
  "id" : "booksodatav4",
  "version" : "1.0.0",
  "modules" : [ {
    "majorSchemaVersion" : 3,
    "name" : "booksodatav4-srv",
    "type" : "javascript.nodejs",
    "path" : "booksodatav4-srv",
    "properties" : { },
    "parameters" : {
      "default-url" : "https://d0df43b9trial-dev-booksodatav4-srv.cfapps.us10-001.hana.ondemand.com",
      "default-app-name" : "booksodatav4-srv",
      "generated-password" : "********",
      "default-live-url" : "https://d0df43b9trial-dev-booksodatav4-srv.cfapps.us10-001.hana.ondemand.com",
      "default-uri" : "d0df43b9trial-dev-booksodatav4-srv.cfapps.us10-001.hana.ondemand.com",
      "default-instances" : 1,
      "default-live-host" : "d0df43b9trial-dev-booksodatav4-srv",
      "instances" : 1,
      "buildpack" : "nodejs_buildpack",
      "default-host" : "d0df43b9trial-dev-booksodatav4-srv",
      "app-name" : "booksodatav4-srv",
      "default-live-uri" : "d0df43b9trial-dev-booksodatav4-srv.cfapps.us10-001.hana.ondemand.com",
      "protocol" : "https",
      "default-live-app-name" : "booksodatav4-srv",
      "default-live-domain" : "cfapps.us10-001.hana.ondemand.com",
      "domain" : "cfapps.us10-001.hana.ondemand.com",
      "host" : "d0df43b9trial-dev-booksodatav4-srv",
      "generated-user" : "********"
    },
    "requiredDependencies" : [ {
      "majorSchemaVersion" : 3,
      "name" : "booksodatav4-db",
      "properties" : { },
      "parameters" : { },
      "propertiesMetadata" : {
        "metadata" : { }
      },
      "parametersMetadata" : {
        "metadata" : { }
      }
    }, {
      "majorSchemaVersion" : 3,
      "name" : "uaa_booksodatav4",
      "properties" : { },
      "parameters" : { },
      "propertiesMetadata" : {
        "metadata" : { }
      },
      "parametersMetadata" : {
        "metadata" : { }
      }
    } ],
    "providedDependencies" : [ {
      "majorSchemaVersion" : 3,
      "name" : "srv-api",
      "isPublic" : false,
      "properties" : {
        "srv-url" : "https://d0df43b9trial-dev-booksodatav4-srv.cfapps.us10-001.hana.ondemand.com"
      },
      "parameters" : { },
      "propertiesMetadata" : {
        "metadata" : { }
      },
      "parametersMetadata" : {
        "metadata" : { }
      }
    }, {
      "majorSchemaVersion" : 3,
      "name" : "booksodatav4-srv",
      "isPublic" : false,
      "properties" : { },
      "parameters" : { },
      "propertiesMetadata" : {
        "metadata" : { }
      },
      "parametersMetadata" : {
        "metadata" : { }
      }
    } ],
    "propertiesMetadata" : {
      "metadata" : { }
    },
    "parametersMetadata" : {
      "metadata" : { }
    },
    "hooks" : [ ]
  }, {
    "majorSchemaVersion" : 3,
    "name" : "booksodatav4-db-deployer",
    "type" : "com.sap.xs.hdi",
    "path" : "booksodatav4-db-deployer",
    "properties" : {
      "EXIT" : 1
    },
    "parameters" : {
      "default-url" : "https://d0df43b9trial-dev-booksodatav4-db-deployer.cfapps.us10-001.hana.ondemand.com",
      "default-app-name" : "booksodatav4-db-deployer",
      "generated-password" : "********",
      "default-live-url" : "https://d0df43b9trial-dev-booksodatav4-db-deployer.cfapps.us10-001.hana.ondemand.com",
      "default-uri" : "d0df43b9trial-dev-booksodatav4-db-deployer.cfapps.us10-001.hana.ondemand.com",
      "memory" : "256M",
      "default-instances" : 1,
      "no-route" : true,
      "default-live-host" : "d0df43b9trial-dev-booksodatav4-db-deployer",
      "instances" : 1,
      "buildpack" : "nodejs_buildpack",
      "default-host" : "d0df43b9trial-dev-booksodatav4-db-deployer",
      "app-name" : "booksodatav4-db-deployer",
      "default-live-uri" : "d0df43b9trial-dev-booksodatav4-db-deployer.cfapps.us10-001.hana.ondemand.com",
      "protocol" : "https",
      "default-live-app-name" : "booksodatav4-db-deployer",
      "default-live-domain" : "cfapps.us10-001.hana.ondemand.com",
      "dependency-type" : "hard",
      "domain" : "cfapps.us10-001.hana.ondemand.com",
      "host" : "d0df43b9trial-dev-booksodatav4-db-deployer",
      "generated-user" : "********",
      "tasks" : [ {
        "command" : "npm start",
        "memory" : "256M",
        "name" : "deploy"
      } ],
      "no-start" : true
    },
    "requiredDependencies" : [ {
      "majorSchemaVersion" : 3,
      "name" : "booksodatav4-db",
      "properties" : { },
      "parameters" : { },
      "propertiesMetadata" : {
        "metadata" : { }
      },
      "parametersMetadata" : {
        "metadata" : { }
      }
    } ],
    "providedDependencies" : [ {
      "majorSchemaVersion" : 3,
      "name" : "booksodatav4-db-deployer",
      "isPublic" : false,
      "properties" : { },
      "parameters" : { },
      "propertiesMetadata" : {
        "metadata" : { }
      },
      "parametersMetadata" : {
        "metadata" : { }
      }
    } ],
    "propertiesMetadata" : {
      "metadata" : { }
    },
    "parametersMetadata" : {
      "metadata" : { }
    },
    "hooks" : [ ]
  }, {
    "majorSchemaVersion" : 3,
    "name" : "booksodatav4-destination-content",
    "type" : "com.sap.application.content",
    "properties" : { },
    "parameters" : {
      "default-url" : "https://d0df43b9trial-dev-booksodatav4-destination-content.cfapps.us10-001.hana.ondemand.com",
      "default-app-name" : "booksodatav4-destination-content",
      "generated-password" : "********",
      "default-live-url" : "https://d0df43b9trial-dev-booksodatav4-destination-content.cfapps.us10-001.hana.ondemand.com",
      "default-uri" : "d0df43b9trial-dev-booksodatav4-destination-content.cfapps.us10-001.hana.ondemand.com",
      "default-instances" : 1,
      "default-live-host" : "d0df43b9trial-dev-booksodatav4-destination-content",
      "instances" : 1,
      "default-host" : "d0df43b9trial-dev-booksodatav4-destination-content",
      "content" : {
        "instance" : {
          "destinations" : [ {
            "Name" : "booksodatav4capm_booksodatav4_html_repo_host",
            "ServiceInstanceName" : "booksodatav4-html5-app-host-service",
            "ServiceKeyName" : "********",
            "sap.cloud.service" : "booksodatav4capm"
          }, {
            "Authentication" : "********",
            "Name" : "booksodatav4capm_uaa_booksodatav4",
            "ServiceInstanceName" : "booksodatav4-xsuaa-service",
            "ServiceKeyName" : "********",
            "sap.cloud.service" : "booksodatav4capm"
          }, {
            "Authentication" : "********",
            "HTML5.DynamicDestination" : true,
            "HTML5.ForwardAuthToken" : "********",
            "Name" : "srv-api",
            "ProxyType" : "Internet",
            "Type" : "HTTP",
            "URL" : "https://d0df43b9trial-dev-booksodatav4-srv.cfapps.us10-001.hana.ondemand.com"
          } ],
          "existing_destinations_policy" : "update"
        }
      },
      "app-name" : "booksodatav4-destination-content",
      "default-live-uri" : "d0df43b9trial-dev-booksodatav4-destination-content.cfapps.us10-001.hana.ondemand.com",
      "protocol" : "https",
      "default-live-app-name" : "booksodatav4-destination-content",
      "default-live-domain" : "cfapps.us10-001.hana.ondemand.com",
      "domain" : "cfapps.us10-001.hana.ondemand.com",
      "host" : "d0df43b9trial-dev-booksodatav4-destination-content",
      "generated-user" : "********"
    },
    "requiredDependencies" : [ {
      "majorSchemaVersion" : 3,
      "name" : "booksodatav4-destination-service",
      "properties" : { },
      "parameters" : {
        "content-target" : true
      },
      "propertiesMetadata" : {
        "metadata" : { }
      },
      "parametersMetadata" : {
        "metadata" : { }
      }
    }, {
      "majorSchemaVersion" : 3,
      "name" : "booksodatav4_html_repo_host",
      "properties" : { },
      "parameters" : {
        "service-key" : "********"
      },
      "propertiesMetadata" : {
        "metadata" : { }
      },
      "parametersMetadata" : {
        "metadata" : { }
      }
    }, {
      "majorSchemaVersion" : 3,
      "name" : "uaa_booksodatav4",
      "properties" : { },
      "parameters" : {
        "service-key" : "********"
      },
      "propertiesMetadata" : {
        "metadata" : { }
      },
      "parametersMetadata" : {
        "metadata" : { }
      }
    }, {
      "majorSchemaVersion" : 3,
      "name" : "srv-api",
      "properties" : { },
      "parameters" : { },
      "propertiesMetadata" : {
        "metadata" : { }
      },
      "parametersMetadata" : {
        "metadata" : { }
      }
    } ],
    "providedDependencies" : [ {
      "majorSchemaVersion" : 3,
      "name" : "booksodatav4-destination-content",
      "isPublic" : false,
      "properties" : { },
      "parameters" : { },
      "propertiesMetadata" : {
        "metadata" : { }
      },
      "parametersMetadata" : {
        "metadata" : { }
      }
    } ],
    "propertiesMetadata" : {
      "metadata" : { }
    },
    "parametersMetadata" : {
      "metadata" : { }
    },
    "hooks" : [ ]
  }, {
    "majorSchemaVersion" : 3,
    "name" : "booksodatav4-app-content",
    "type" : "com.sap.application.content",
    "path" : "booksodatav4-app-content",
    "properties" : { },
    "parameters" : {
      "default-url" : "https://d0df43b9trial-dev-booksodatav4-app-content.cfapps.us10-001.hana.ondemand.com",
      "default-app-name" : "booksodatav4-app-content",
      "generated-password" : "********",
      "default-live-url" : "https://d0df43b9trial-dev-booksodatav4-app-content.cfapps.us10-001.hana.ondemand.com",
      "default-uri" : "d0df43b9trial-dev-booksodatav4-app-content.cfapps.us10-001.hana.ondemand.com",
      "default-instances" : 1,
      "default-live-host" : "d0df43b9trial-dev-booksodatav4-app-content",
      "instances" : 1,
      "default-host" : "d0df43b9trial-dev-booksodatav4-app-content",
      "app-name" : "booksodatav4-app-content",
      "default-live-uri" : "d0df43b9trial-dev-booksodatav4-app-content.cfapps.us10-001.hana.ondemand.com",
      "protocol" : "https",
      "default-live-app-name" : "booksodatav4-app-content",
      "default-live-domain" : "cfapps.us10-001.hana.ondemand.com",
      "domain" : "cfapps.us10-001.hana.ondemand.com",
      "host" : "d0df43b9trial-dev-booksodatav4-app-content",
      "generated-user" : "********"
    },
    "requiredDependencies" : [ {
      "majorSchemaVersion" : 3,
      "name" : "booksodatav4_html_repo_host",
      "properties" : { },
      "parameters" : {
        "content-target" : true
      },
      "propertiesMetadata" : {
        "metadata" : { }
      },
      "parametersMetadata" : {
        "metadata" : { }
      }
    } ],
    "providedDependencies" : [ {
      "majorSchemaVersion" : 3,
      "name" : "booksodatav4-app-content",
      "isPublic" : false,
      "properties" : { },
      "parameters" : { },
      "propertiesMetadata" : {
        "metadata" : { }
      },
      "parametersMetadata" : {
        "metadata" : { }
      }
    } ],
    "propertiesMetadata" : {
      "metadata" : { }
    },
    "parametersMetadata" : {
      "metadata" : { }
    },
    "hooks" : [ ]
  } ],
  "resources" : [ {
    "majorSchemaVersion" : 3,
    "name" : "booksodatav4-db",
    "type" : "com.sap.xs.hdi-container",
    "properties" : { },
    "parameters" : {
      "generated-password" : "********",
      "service-name" : "booksodatav4-db",
      "service-plan" : "hdi-shared",
      "service" : "hana",
      "generated-user" : "********",
      "default-xsappname" : "booksodatav4-db",
      "type" : "managed-service",
      "default-service-name" : "booksodatav4-db",
      "default-container-name" : "D0DF43B9TRIAL_DEV_BOOKSODATAV4_DB"
    },
    "isActive" : true,
    "isOptional" : false,
    "propertiesMetadata" : {
      "metadata" : { }
    },
    "parametersMetadata" : {
      "metadata" : { }
    },
    "requiredDependencies" : [ ],
    "processedAfter" : [ ]
  }, {
    "majorSchemaVersion" : 3,
    "name" : "booksodatav4-destination-service",
    "type" : "org.cloudfoundry.managed-service",
    "properties" : { },
    "parameters" : {
      "generated-password" : "********",
      "service-name" : "booksodatav4-destination-service",
      "service-plan" : "lite",
      "service" : "destination",
      "generated-user" : "********",
      "default-xsappname" : "booksodatav4-destination-service",
      "type" : "managed-service",
      "config" : {
        "HTML5Runtime_enabled" : true,
        "init_data" : {
          "instance" : {
            "destinations" : [ {
              "Authentication" : "********",
              "Name" : "ui5",
              "ProxyType" : "Internet",
              "Type" : "HTTP",
              "URL" : "https://ui5.sap.com"
            } ],
            "existing_destinations_policy" : "update"
          }
        },
        "version" : "1.0.0"
      },
      "default-service-name" : "booksodatav4-destination-service",
      "default-container-name" : "D0DF43B9TRIAL_DEV_BOOKSODATAV4_DESTINATION_SERVICE"
    },
    "isActive" : true,
    "isOptional" : false,
    "propertiesMetadata" : {
      "metadata" : { }
    },
    "parametersMetadata" : {
      "metadata" : { }
    },
    "requiredDependencies" : [ ],
    "processedAfter" : [ ]
  }, {
    "majorSchemaVersion" : 3,
    "name" : "booksodatav4_html_repo_host",
    "type" : "org.cloudfoundry.managed-service",
    "properties" : { },
    "parameters" : {
      "generated-password" : "********",
      "service-name" : "booksodatav4-html5-app-host-service",
      "service-plan" : "app-host",
      "service" : "html5-apps-repo",
      "generated-user" : "********",
      "default-xsappname" : "booksodatav4_html_repo_host",
      "type" : "managed-service",
      "default-service-name" : "booksodatav4_html_repo_host",
      "default-container-name" : "D0DF43B9TRIAL_DEV_BOOKSODATAV4_HTML_REPO_HOST"
    },
    "isActive" : true,
    "isOptional" : false,
    "propertiesMetadata" : {
      "metadata" : { }
    },
    "parametersMetadata" : {
      "metadata" : { }
    },
    "requiredDependencies" : [ ],
    "processedAfter" : [ ]
  }, {
    "majorSchemaVersion" : 3,
    "name" : "uaa_booksodatav4",
    "type" : "org.cloudfoundry.managed-service",
    "properties" : { },
    "parameters" : {
      "generated-password" : "********",
      "path" : "./xs-security.json",
      "service-name" : "booksodatav4-xsuaa-service",
      "service-plan" : "application",
      "service" : "xsuaa",
      "generated-user" : "********",
      "default-xsappname" : "uaa_booksodatav4",
      "type" : "managed-service",
      "default-service-name" : "uaa_booksodatav4",
      "default-container-name" : "D0DF43B9TRIAL_DEV_UAA_BOOKSODATAV4"
    },
    "isActive" : true,
    "isOptional" : false,
    "propertiesMetadata" : {
      "metadata" : { }
    },
    "parametersMetadata" : {
      "metadata" : { }
    },
    "requiredDependencies" : [ ],
    "processedAfter" : [ ]
  } ],
  "parameters" : {
    "deploy_mode" : "html5-repo",
    "mta-id" : "booksodatav4",
    "authorization-url" : "********",
    "org-guid" : "188e7b36-f870-46ac-b4b4-fcdce414afb1",
    "org" : "d0df43b9trial",
    "deploy-target" : "d0df43b9trial dev",
    "enable-parallel-deployments" : true,
    "region-primary-domain" : "us10.hana.ondemand.com",
    "space" : "dev",
    "region-domain" : "us10-001.hana.ondemand.com",
    "xs-api-url" : "https://api.cf.us10-001.hana.ondemand.com",
    "deploy-url" : "deploy-service.cfapps.us10-001.hana.ondemand.com",
    "xs-type" : "CF",
    "default-domain" : "cfapps.us10-001.hana.ondemand.com",
    "mta-version" : "1.0.0",
    "xs-auth-url" : "********",
    "space-guid" : "383e080d-c4c5-4598-b9e9-72e78ff581ba",
    "user" : "********",
    "controller-url" : "https://api.cf.us10-001.hana.ondemand.com",
    "timestamp" : "20260909054453"
  },
  "parametersMetadata" : {
    "metadata" : { }
  }
}#
#2026 09 09 05:45:09.091#Z#DEBUG#9496fad5-ac11-11f1-9fee-eeee0a8f4579.OPERATION#flowable-async-job-executor-thread-15733#
[ProcessDescriptorStep] Merged descriptor properties and parameters resolved#
#2026 09 09 05:45:09.091#Z#DEBUG#9496fad5-ac11-11f1-9fee-eeee0a8f4579.OPERATION#flowable-async-job-executor-thread-15733#
Step "Re-Process Descriptor Step" finished#
#2026 09 09 05:45:09.118#Z#DEBUG#9496fad5-ac11-11f1-9fee-eeee0a8f4579.OPERATION#flowable-async-job-executor-thread-15733#
[BuildApplicationDeployModelStep] Executing task "buildApplicationDeployModelTask" of process "9dfb7674-ac11-11f1-ac4f-eeee0a970c81"...#
#2026 09 09 05:45:09.121#Z#DEBUG#9496fad5-ac11-11f1-9fee-eeee0a8f4579.OPERATION#flowable-async-job-executor-thread-15733#
[BuildApplicationDeployModelStep] Building cloud deployment model for application "booksodatav4-srv"...#
#2026 09 09 05:45:09.127#Z#DEBUG#9496fad5-ac11-11f1-9fee-eeee0a8f4579.OPERATION#flowable-async-job-executor-thread-15733#
[BuildApplicationDeployModelStep] No health-check-type is specified. Setting default type: port#
#2026 09 09 05:45:09.128#Z#INFO#9496fad5-ac11-11f1-9fee-eeee0a8f4579.OPERATION#flowable-async-job-executor-thread-15733#
[BuildApplicationDeployModelStep] Building configuration entries for org d0df43b9trial, space dev, spaceId 383e080d-c4c5-4598-b9e9-72e78ff581ba and namespace null!#
#2026 09 09 05:45:09.129#Z#DEBUG#9496fad5-ac11-11f1-9fee-eeee0a8f4579.OPERATION#flowable-async-job-executor-thread-15733#
[BuildApplicationDeployModelStep] Configuration entries to publish: [ ]#
#2026 09 09 05:45:09.129#Z#DEBUG#9496fad5-ac11-11f1-9fee-eeee0a8f4579.OPERATION#flowable-async-job-executor-thread-15733#
[BuildApplicationDeployModelStep] Cloud deployment model for application built#
#2026 09 09 05:45:09.129#Z#DEBUG#9496fad5-ac11-11f1-9fee-eeee0a8f4579.OPERATION#flowable-async-job-executor-thread-15733#
Step "Build Application Deploy Model" finished#
#2026 09 09 05:45:09.160#Z#DEBUG#9496fad5-ac11-11f1-9fee-eeee0a8f4579.OPERATION#flowable-async-job-executor-thread-15733#
[CreateOrUpdateAppStep] Executing task "createAppTask" of process "9dfb7674-ac11-11f1-ac4f-eeee0a970c81"...#
#2026 09 09 05:45:09.162#Z#DEBUG#9496fad5-ac11-11f1-9fee-eeee0a8f4579.OPERATION#flowable-async-job-executor-thread-15733#
[CreateOrUpdateAppStep] Getting application "booksodatav4-srv"...#
#2026 09 09 05:45:09.196#Z#INFO#9496fad5-ac11-11f1-9fee-eeee0a8f4579.OPERATION#flowable-async-job-executor-thread-15733#
[CreateOrUpdateAppStep] Updating application "booksodatav4-srv"...#
#2026 09 09 05:45:09.202#Z#DEBUG#9496fad5-ac11-11f1-9fee-eeee0a8f4579.OPERATION#flowable-async-job-executor-thread-15733#
[CreateOrUpdateAppStep] Getting process for application "94794315-8dfe-41b9-b31a-fbf91cff2742"...#
#2026 09 09 05:45:09.233#Z#DEBUG#9496fad5-ac11-11f1-9fee-eeee0a8f4579.OPERATION#flowable-async-job-executor-thread-15733#
[CreateOrUpdateAppStep] Getting routes for application "94794315-8dfe-41b9-b31a-fbf91cff2742"...#
#2026 09 09 05:45:09.269#Z#DEBUG#9496fad5-ac11-11f1-9fee-eeee0a8f4579.OPERATION#flowable-async-job-executor-thread-15733#
[CreateOrUpdateAppStep] Getting features for application "94794315-8dfe-41b9-b31a-fbf91cff2742"#
#2026 09 09 05:45:09.300#Z#DEBUG#9496fad5-ac11-11f1-9fee-eeee0a8f4579.OPERATION#flowable-async-job-executor-thread-15733#
[CreateOrUpdateAppStep] Updating staging of application "booksodatav4-srv" to: {
  "buildpacks" : [ "nodejs_buildpack" ],
  "healthCheckType" : "port",
  "appFeatures" : { }
}#
#2026 09 09 05:45:09.471#Z#DEBUG#9496fad5-ac11-11f1-9fee-eeee0a8f4579.OPERATION#flowable-async-job-executor-thread-15733#
[CreateOrUpdateAppStep] Application "booksodatav4-srv" updated#
#2026 09 09 05:45:09.471#Z#DEBUG#9496fad5-ac11-11f1-9fee-eeee0a8f4579.OPERATION#flowable-async-job-executor-thread-15733#
[CreateOrUpdateAppStep] Getting environment of application "94794315-8dfe-41b9-b31a-fbf91cff2742"...#
#2026 09 09 05:45:09.533#Z#DEBUG#9496fad5-ac11-11f1-9fee-eeee0a8f4579.OPERATION#flowable-async-job-executor-thread-15733#
[CreateOrUpdateAppStep] Application "booksodatav4-srv" updated#
#2026 09 09 05:45:09.533#Z#DEBUG#9496fad5-ac11-11f1-9fee-eeee0a8f4579.OPERATION#flowable-async-job-executor-thread-15733#
Step "Create App" finished#
#2026 09 09 05:45:09.613#Z#DEBUG#9496fad5-ac11-11f1-9fee-eeee0a8f4579.OPERATION#flowable-async-job-executor-thread-15733#
[CheckServiceBindingOperationStep] Executing task "checkForServiceBindingOperationInProgress" of process "9e51fa60-ac11-11f1-ac4f-eeee0a970c81"...#
#2026 09 09 05:45:09.613#Z#DEBUG#9496fad5-ac11-11f1-9fee-eeee0a8f4579.OPERATION#flowable-async-job-executor-thread-15733#
[CheckServiceBindingOperationStep] Checking for service binding operation in progress between app "booksodatav4-srv" and service instance "booksodatav4-db"#
#2026 09 09 05:45:09.614#Z#DEBUG#9496fad5-ac11-11f1-9fee-eeee0a8f4579.OPERATION#flowable-async-job-executor-thread-15733#
[CheckServiceBindingOperationStep] Getting application guid "booksodatav4-srv"...#
#2026 09 09 05:45:09.662#Z#DEBUG#9496fad5-ac11-11f1-9fee-eeee0a8f4579.OPERATION#flowable-async-job-executor-thread-15733#
[CheckServiceBindingOperationStep] Getting GUID of required service instance "booksodatav4-db"...#
#2026 09 09 05:45:09.693#Z#DEBUG#9496fad5-ac11-11f1-9fee-eeee0a8f4579.OPERATION#flowable-async-job-executor-thread-15733#
[CheckServiceBindingOperationStep] Getting binding of service instance "8c00239a-6ad2-4b0e-922a-c0cdff9359aa" with application "94794315-8dfe-41b9-b31a-fbf91cff2742"...#
#2026 09 09 05:45:09.722#Z#DEBUG#9496fad5-ac11-11f1-9fee-eeee0a8f4579.OPERATION#flowable-async-job-executor-thread-15733#
[CheckServiceBindingOperationStep] Service binding operation "e92b0298-30c1-4926-959d-86afc5218d7a" with type "create" is in state "succeeded"#
#2026 09 09 05:45:09.722#Z#DEBUG#9496fad5-ac11-11f1-9fee-eeee0a8f4579.OPERATION#flowable-async-job-executor-thread-15733#
Step "Check For Service Binding Operation In Progress" finished#
#2026 09 09 05:45:09.748#Z#DEBUG#9496fad5-ac11-11f1-9fee-eeee0a8f4579.OPERATION#flowable-async-job-executor-thread-15733#
[DetermineApplicationServiceBindingActionsStep] Executing task "determineApplicationServiceBindingActionsTask" of process "9e51fa60-ac11-11f1-ac4f-eeee0a970c81"...#
#2026 09 09 05:45:09.749#Z#DEBUG#9496fad5-ac11-11f1-9fee-eeee0a8f4579.OPERATION#flowable-async-job-executor-thread-15733#
[DetermineApplicationServiceBindingActionsStep] Determine bind/unbind operations of application "booksodatav4-srv" to service instance "booksodatav4-db"#
#2026 09 09 05:45:09.749#Z#DEBUG#9496fad5-ac11-11f1-9fee-eeee0a8f4579.OPERATION#flowable-async-job-executor-thread-15733#
[DetermineApplicationServiceBindingActionsStep] Getting application "booksodatav4-srv"...#
#2026 09 09 05:45:09.773#Z#DEBUG#9496fad5-ac11-11f1-9fee-eeee0a8f4579.OPERATION#flowable-async-job-executor-thread-15733#
[DetermineApplicationServiceBindingActionsStep] Binding parameters for application "booksodatav4-srv": { }#
#2026 09 09 05:45:09.804#Z#DEBUG#9496fad5-ac11-11f1-9fee-eeee0a8f4579.OPERATION#flowable-async-job-executor-thread-15733#
[DetermineApplicationServiceBindingActionsStep] Check should rebind application "booksodatav4-srv" and service instance "booksodatav4-db"#
#2026 09 09 05:45:09.804#Z#DEBUG#9496fad5-ac11-11f1-9fee-eeee0a8f4579.OPERATION#flowable-async-job-executor-thread-15733#
[DetermineApplicationServiceBindingActionsStep] Getting GUID of required service instance "booksodatav4-db"...#
#2026 09 09 05:45:09.831#Z#DEBUG#9496fad5-ac11-11f1-9fee-eeee0a8f4579.OPERATION#flowable-async-job-executor-thread-15733#
[DetermineApplicationServiceBindingActionsStep] Getting binding of service instance "8c00239a-6ad2-4b0e-922a-c0cdff9359aa" with application "94794315-8dfe-41b9-b31a-fbf91cff2742"...#
#2026 09 09 05:45:09.863#Z#DEBUG#9496fad5-ac11-11f1-9fee-eeee0a8f4579.OPERATION#flowable-async-job-executor-thread-15733#
[DetermineApplicationServiceBindingActionsStep] Getting parameters of service binding "e92b0298-30c1-4926-959d-86afc5218d7a"...#
#2026 09 09 05:45:10.051#Z#INFO#9496fad5-ac11-11f1-9fee-eeee0a8f4579.OPERATION#flowable-async-job-executor-thread-15733#
[DetermineApplicationServiceBindingActionsStep] Service instance "booksodatav4-db" will not be rebound to application "booksodatav4-srv" because the binding parameters are not modified#
#2026 09 09 05:45:10.055#Z#DEBUG#9496fad5-ac11-11f1-9fee-eeee0a8f4579.OPERATION#flowable-async-job-executor-thread-15733#
[DetermineApplicationServiceBindingActionsStep] Calculated binding operations between application "booksodatav4-srv" and service instance "booksodatav4-db": unbind - false bind - false#
#2026 09 09 05:45:10.055#Z#DEBUG#9496fad5-ac11-11f1-9fee-eeee0a8f4579.OPERATION#flowable-async-job-executor-thread-15733#
Step "Determine Application Service Binding Actions" finished#
#2026 09 09 05:45:11.843#Z#DEBUG#9496fad5-ac11-11f1-9fee-eeee0a8f4579.OPERATION#flowable-async-job-executor-thread-15734#
[ProcessDescriptorStep] Executing task "reprocessDescriptorTask" of process "9fa221ef-ac11-11f1-ac4f-eeee0a970c81"...#
#2026 09 09 05:45:11.843#Z#DEBUG#9496fad5-ac11-11f1-9fee-eeee0a8f4579.OPERATION#flowable-async-job-executor-thread-15734#
[ProcessDescriptorStep] Resolving properties and parameters in merged descriptor...#
#2026 09 09 05:45:11.847#Z#DEBUG#9496fad5-ac11-11f1-9fee-eeee0a8f4579.OPERATION#flowable-async-job-executor-thread-15734#
[ProcessDescriptorStep] Subscriptions: [ ]#
#2026 09 09 05:45:11.854#Z#DEBUG#9496fad5-ac11-11f1-9fee-eeee0a8f4579.OPERATION#flowable-async-job-executor-thread-15734#
[ProcessDescriptorStep] MTA modules: [booksodatav4-srv, booksodatav4-destination-content, booksodatav4-app-content, booksodatav4-db-deployer]#
#2026 09 09 05:45:11.857#Z#DEBUG#9496fad5-ac11-11f1-9fee-eeee0a8f4579.OPERATION#flowable-async-job-executor-thread-15734#
[ProcessDescriptorStep] Resolved deployment descriptor: {
  "majorSchemaVersion" : 3,
  "schemaVersion" : "3.3.0",
  "id" : "booksodatav4",
  "version" : "1.0.0",
  "modules" : [ {
    "majorSchemaVersion" : 3,
    "name" : "booksodatav4-srv",
    "type" : "javascript.nodejs",
    "path" : "booksodatav4-srv",
    "properties" : { },
    "parameters" : {
      "default-url" : "https://d0df43b9trial-dev-booksodatav4-srv.cfapps.us10-001.hana.ondemand.com",
      "default-app-name" : "booksodatav4-srv",
      "generated-password" : "********",
      "default-live-url" : "https://d0df43b9trial-dev-booksodatav4-srv.cfapps.us10-001.hana.ondemand.com",
      "default-uri" : "d0df43b9trial-dev-booksodatav4-srv.cfapps.us10-001.hana.ondemand.com",
      "default-instances" : 1,
      "default-live-host" : "d0df43b9trial-dev-booksodatav4-srv",
      "instances" : 1,
      "buildpack" : "nodejs_buildpack",
      "default-host" : "d0df43b9trial-dev-booksodatav4-srv",
      "app-name" : "booksodatav4-srv",
      "default-live-uri" : "d0df43b9trial-dev-booksodatav4-srv.cfapps.us10-001.hana.ondemand.com",
      "protocol" : "https",
      "default-live-app-name" : "booksodatav4-srv",
      "default-live-domain" : "cfapps.us10-001.hana.ondemand.com",
      "domain" : "cfapps.us10-001.hana.ondemand.com",
      "host" : "d0df43b9trial-dev-booksodatav4-srv",
      "generated-user" : "********"
    },
    "requiredDependencies" : [ {
      "majorSchemaVersion" : 3,
      "name" : "booksodatav4-db",
      "properties" : { },
      "parameters" : { },
      "propertiesMetadata" : {
        "metadata" : { }
      },
      "parametersMetadata" : {
        "metadata" : { }
      }
    }, {
      "majorSchemaVersion" : 3,
      "name" : "uaa_booksodatav4",
      "properties" : { },
      "parameters" : { },
      "propertiesMetadata" : {
        "metadata" : { }
      },
      "parametersMetadata" : {
        "metadata" : { }
      }
    } ],
    "providedDependencies" : [ {
      "majorSchemaVersion" : 3,
      "name" : "srv-api",
      "isPublic" : false,
      "properties" : {
        "srv-url" : "https://d0df43b9trial-dev-booksodatav4-srv.cfapps.us10-001.hana.ondemand.com"
      },
      "parameters" : { },
      "propertiesMetadata" : {
        "metadata" : { }
      },
      "parametersMetadata" : {
        "metadata" : { }
      }
    }, {
      "majorSchemaVersion" : 3,
      "name" : "booksodatav4-srv",
      "isPublic" : false,
      "properties" : { },
      "parameters" : { },
      "propertiesMetadata" : {
        "metadata" : { }
      },
      "parametersMetadata" : {
        "metadata" : { }
      }
    } ],
    "propertiesMetadata" : {
      "metadata" : { }
    },
    "parametersMetadata" : {
      "metadata" : { }
    },
    "hooks" : [ ]
  }, {
    "majorSchemaVersion" : 3,
    "name" : "booksodatav4-db-deployer",
    "type" : "com.sap.xs.hdi",
    "path" : "booksodatav4-db-deployer",
    "properties" : {
      "EXIT" : 1
    },
    "parameters" : {
      "default-url" : "https://d0df43b9trial-dev-booksodatav4-db-deployer.cfapps.us10-001.hana.ondemand.com",
      "default-app-name" : "booksodatav4-db-deployer",
      "generated-password" : "********",
      "default-live-url" : "https://d0df43b9trial-dev-booksodatav4-db-deployer.cfapps.us10-001.hana.ondemand.com",
      "default-uri" : "d0df43b9trial-dev-booksodatav4-db-deployer.cfapps.us10-001.hana.ondemand.com",
      "memory" : "256M",
      "default-instances" : 1,
      "no-route" : true,
      "default-live-host" : "d0df43b9trial-dev-booksodatav4-db-deployer",
      "instances" : 1,
      "buildpack" : "nodejs_buildpack",
      "default-host" : "d0df43b9trial-dev-booksodatav4-db-deployer",
      "app-name" : "booksodatav4-db-deployer",
      "default-live-uri" : "d0df43b9trial-dev-booksodatav4-db-deployer.cfapps.us10-001.hana.ondemand.com",
      "protocol" : "https",
      "default-live-app-name" : "booksodatav4-db-deployer",
      "default-live-domain" : "cfapps.us10-001.hana.ondemand.com",
      "dependency-type" : "hard",
      "domain" : "cfapps.us10-001.hana.ondemand.com",
      "host" : "d0df43b9trial-dev-booksodatav4-db-deployer",
      "generated-user" : "********",
      "tasks" : [ {
        "command" : "npm start",
        "memory" : "256M",
        "name" : "deploy"
      } ],
      "no-start" : true
    },
    "requiredDependencies" : [ {
      "majorSchemaVersion" : 3,
      "name" : "booksodatav4-db",
      "properties" : { },
      "parameters" : { },
      "propertiesMetadata" : {
        "metadata" : { }
      },
      "parametersMetadata" : {
        "metadata" : { }
      }
    } ],
    "providedDependencies" : [ {
      "majorSchemaVersion" : 3,
      "name" : "booksodatav4-db-deployer",
      "isPublic" : false,
      "properties" : { },
      "parameters" : { },
      "propertiesMetadata" : {
        "metadata" : { }
      },
      "parametersMetadata" : {
        "metadata" : { }
      }
    } ],
    "propertiesMetadata" : {
      "metadata" : { }
    },
    "parametersMetadata" : {
      "metadata" : { }
    },
    "hooks" : [ ]
  }, {
    "majorSchemaVersion" : 3,
    "name" : "booksodatav4-destination-content",
    "type" : "com.sap.application.content",
    "properties" : { },
    "parameters" : {
      "default-url" : "https://d0df43b9trial-dev-booksodatav4-destination-content.cfapps.us10-001.hana.ondemand.com",
      "default-app-name" : "booksodatav4-destination-content",
      "generated-password" : "********",
      "default-live-url" : "https://d0df43b9trial-dev-booksodatav4-destination-content.cfapps.us10-001.hana.ondemand.com",
      "default-uri" : "d0df43b9trial-dev-booksodatav4-destination-content.cfapps.us10-001.hana.ondemand.com",
      "default-instances" : 1,
      "default-live-host" : "d0df43b9trial-dev-booksodatav4-destination-content",
      "instances" : 1,
      "default-host" : "d0df43b9trial-dev-booksodatav4-destination-content",
      "content" : {
        "instance" : {
          "destinations" : [ {
            "Name" : "booksodatav4capm_booksodatav4_html_repo_host",
            "ServiceInstanceName" : "booksodatav4-html5-app-host-service",
            "ServiceKeyName" : "********",
            "sap.cloud.service" : "booksodatav4capm"
          }, {
            "Authentication" : "********",
            "Name" : "booksodatav4capm_uaa_booksodatav4",
            "ServiceInstanceName" : "booksodatav4-xsuaa-service",
            "ServiceKeyName" : "********",
            "sap.cloud.service" : "booksodatav4capm"
          }, {
            "Authentication" : "********",
            "HTML5.DynamicDestination" : true,
            "HTML5.ForwardAuthToken" : "********",
            "Name" : "srv-api",
            "ProxyType" : "Internet",
            "Type" : "HTTP",
            "URL" : "https://d0df43b9trial-dev-booksodatav4-srv.cfapps.us10-001.hana.ondemand.com"
          } ],
          "existing_destinations_policy" : "update"
        }
      },
      "app-name" : "booksodatav4-destination-content",
      "default-live-uri" : "d0df43b9trial-dev-booksodatav4-destination-content.cfapps.us10-001.hana.ondemand.com",
      "protocol" : "https",
      "default-live-app-name" : "booksodatav4-destination-content",
      "default-live-domain" : "cfapps.us10-001.hana.ondemand.com",
      "domain" : "cfapps.us10-001.hana.ondemand.com",
      "host" : "d0df43b9trial-dev-booksodatav4-destination-content",
      "generated-user" : "********"
    },
    "requiredDependencies" : [ {
      "majorSchemaVersion" : 3,
      "name" : "booksodatav4-destination-service",
      "properties" : { },
      "parameters" : {
        "content-target" : true
      },
      "propertiesMetadata" : {
        "metadata" : { }
      },
      "parametersMetadata" : {
        "metadata" : { }
      }
    }, {
      "majorSchemaVersion" : 3,
      "name" : "booksodatav4_html_repo_host",
      "properties" : { },
      "parameters" : {
        "service-key" : "********"
      },
      "propertiesMetadata" : {
        "metadata" : { }
      },
      "parametersMetadata" : {
        "metadata" : { }
      }
    }, {
      "majorSchemaVersion" : 3,
      "name" : "uaa_booksodatav4",
      "properties" : { },
      "parameters" : {
        "service-key" : "********"
      },
      "propertiesMetadata" : {
        "metadata" : { }
      },
      "parametersMetadata" : {
        "metadata" : { }
      }
    }, {
      "majorSchemaVersion" : 3,
      "name" : "srv-api",
      "properties" : { },
      "parameters" : { },
      "propertiesMetadata" : {
        "metadata" : { }
      },
      "parametersMetadata" : {
        "metadata" : { }
      }
    } ],
    "providedDependencies" : [ {
      "majorSchemaVersion" : 3,
      "name" : "booksodatav4-destination-content",
      "isPublic" : false,
      "properties" : { },
      "parameters" : { },
      "propertiesMetadata" : {
        "metadata" : { }
      },
      "parametersMetadata" : {
        "metadata" : { }
      }
    } ],
    "propertiesMetadata" : {
      "metadata" : { }
    },
    "parametersMetadata" : {
      "metadata" : { }
    },
    "hooks" : [ ]
  }, {
    "majorSchemaVersion" : 3,
    "name" : "booksodatav4-app-content",
    "type" : "com.sap.application.content",
    "path" : "booksodatav4-app-content",
    "properties" : { },
    "parameters" : {
      "default-url" : "https://d0df43b9trial-dev-booksodatav4-app-content.cfapps.us10-001.hana.ondemand.com",
      "default-app-name" : "booksodatav4-app-content",
      "generated-password" : "********",
      "default-live-url" : "https://d0df43b9trial-dev-booksodatav4-app-content.cfapps.us10-001.hana.ondemand.com",
      "default-uri" : "d0df43b9trial-dev-booksodatav4-app-content.cfapps.us10-001.hana.ondemand.com",
      "default-instances" : 1,
      "default-live-host" : "d0df43b9trial-dev-booksodatav4-app-content",
      "instances" : 1,
      "default-host" : "d0df43b9trial-dev-booksodatav4-app-content",
      "app-name" : "booksodatav4-app-content",
      "default-live-uri" : "d0df43b9trial-dev-booksodatav4-app-content.cfapps.us10-001.hana.ondemand.com",
      "protocol" : "https",
      "default-live-app-name" : "booksodatav4-app-content",
      "default-live-domain" : "cfapps.us10-001.hana.ondemand.com",
      "domain" : "cfapps.us10-001.hana.ondemand.com",
      "host" : "d0df43b9trial-dev-booksodatav4-app-content",
      "generated-user" : "********"
    },
    "requiredDependencies" : [ {
      "majorSchemaVersion" : 3,
      "name" : "booksodatav4_html_repo_host",
      "properties" : { },
      "parameters" : {
        "content-target" : true
      },
      "propertiesMetadata" : {
        "metadata" : { }
      },
      "parametersMetadata" : {
        "metadata" : { }
      }
    } ],
    "providedDependencies" : [ {
      "majorSchemaVersion" : 3,
      "name" : "booksodatav4-app-content",
      "isPublic" : false,
      "properties" : { },
      "parameters" : { },
      "propertiesMetadata" : {
        "metadata" : { }
      },
      "parametersMetadata" : {
        "metadata" : { }
      }
    } ],
    "propertiesMetadata" : {
      "metadata" : { }
    },
    "parametersMetadata" : {
      "metadata" : { }
    },
    "hooks" : [ ]
  } ],
  "resources" : [ {
    "majorSchemaVersion" : 3,
    "name" : "booksodatav4-db",
    "type" : "com.sap.xs.hdi-container",
    "properties" : { },
    "parameters" : {
      "generated-password" : "********",
      "service-name" : "booksodatav4-db",
      "service-plan" : "hdi-shared",
      "service" : "hana",
      "generated-user" : "********",
      "default-xsappname" : "booksodatav4-db",
      "type" : "managed-service",
      "default-service-name" : "booksodatav4-db",
      "default-container-name" : "D0DF43B9TRIAL_DEV_BOOKSODATAV4_DB"
    },
    "isActive" : true,
    "isOptional" : false,
    "propertiesMetadata" : {
      "metadata" : { }
    },
    "parametersMetadata" : {
      "metadata" : { }
    },
    "requiredDependencies" : [ ],
    "processedAfter" : [ ]
  }, {
    "majorSchemaVersion" : 3,
    "name" : "booksodatav4-destination-service",
    "type" : "org.cloudfoundry.managed-service",
    "properties" : { },
    "parameters" : {
      "generated-password" : "********",
      "service-name" : "booksodatav4-destination-service",
      "service-plan" : "lite",
      "service" : "destination",
      "generated-user" : "********",
      "default-xsappname" : "booksodatav4-destination-service",
      "type" : "managed-service",
      "config" : {
        "HTML5Runtime_enabled" : true,
        "init_data" : {
          "instance" : {
            "destinations" : [ {
              "Authentication" : "********",
              "Name" : "ui5",
              "ProxyType" : "Internet",
              "Type" : "HTTP",
              "URL" : "https://ui5.sap.com"
            } ],
            "existing_destinations_policy" : "update"
          }
        },
        "version" : "1.0.0"
      },
      "default-service-name" : "booksodatav4-destination-service",
      "default-container-name" : "D0DF43B9TRIAL_DEV_BOOKSODATAV4_DESTINATION_SERVICE"
    },
    "isActive" : true,
    "isOptional" : false,
    "propertiesMetadata" : {
      "metadata" : { }
    },
    "parametersMetadata" : {
      "metadata" : { }
    },
    "requiredDependencies" : [ ],
    "processedAfter" : [ ]
  }, {
    "majorSchemaVersion" : 3,
    "name" : "booksodatav4_html_repo_host",
    "type" : "org.cloudfoundry.managed-service",
    "properties" : { },
    "parameters" : {
      "generated-password" : "********",
      "service-name" : "booksodatav4-html5-app-host-service",
      "service-plan" : "app-host",
      "service" : "html5-apps-repo",
      "generated-user" : "********",
      "default-xsappname" : "booksodatav4_html_repo_host",
      "type" : "managed-service",
      "default-service-name" : "booksodatav4_html_repo_host",
      "default-container-name" : "D0DF43B9TRIAL_DEV_BOOKSODATAV4_HTML_REPO_HOST"
    },
    "isActive" : true,
    "isOptional" : false,
    "propertiesMetadata" : {
      "metadata" : { }
    },
    "parametersMetadata" : {
      "metadata" : { }
    },
    "requiredDependencies" : [ ],
    "processedAfter" : [ ]
  }, {
    "majorSchemaVersion" : 3,
    "name" : "uaa_booksodatav4",
    "type" : "org.cloudfoundry.managed-service",
    "properties" : { },
    "parameters" : {
      "generated-password" : "********",
      "path" : "./xs-security.json",
      "service-name" : "booksodatav4-xsuaa-service",
      "service-plan" : "application",
      "service" : "xsuaa",
      "generated-user" : "********",
      "default-xsappname" : "uaa_booksodatav4",
      "type" : "managed-service",
      "default-service-name" : "uaa_booksodatav4",
      "default-container-name" : "D0DF43B9TRIAL_DEV_UAA_BOOKSODATAV4"
    },
    "isActive" : true,
    "isOptional" : false,
    "propertiesMetadata" : {
      "metadata" : { }
    },
    "parametersMetadata" : {
      "metadata" : { }
    },
    "requiredDependencies" : [ ],
    "processedAfter" : [ ]
  } ],
  "parameters" : {
    "deploy_mode" : "html5-repo",
    "mta-id" : "booksodatav4",
    "authorization-url" : "********",
    "org-guid" : "188e7b36-f870-46ac-b4b4-fcdce414afb1",
    "org" : "d0df43b9trial",
    "deploy-target" : "d0df43b9trial dev",
    "enable-parallel-deployments" : true,
    "region-primary-domain" : "us10.hana.ondemand.com",
    "space" : "dev",
    "region-domain" : "us10-001.hana.ondemand.com",
    "xs-api-url" : "https://api.cf.us10-001.hana.ondemand.com",
    "deploy-url" : "deploy-service.cfapps.us10-001.hana.ondemand.com",
    "xs-type" : "CF",
    "default-domain" : "cfapps.us10-001.hana.ondemand.com",
    "mta-version" : "1.0.0",
    "xs-auth-url" : "********",
    "space-guid" : "383e080d-c4c5-4598-b9e9-72e78ff581ba",
    "user" : "********",
    "controller-url" : "https://api.cf.us10-001.hana.ondemand.com",
    "timestamp" : "20260909054453"
  },
  "parametersMetadata" : {
    "metadata" : { }
  }
}#
#2026 09 09 05:45:11.857#Z#DEBUG#9496fad5-ac11-11f1-9fee-eeee0a8f4579.OPERATION#flowable-async-job-executor-thread-15734#
[ProcessDescriptorStep] Merged descriptor properties and parameters resolved#
#2026 09 09 05:45:11.857#Z#DEBUG#9496fad5-ac11-11f1-9fee-eeee0a8f4579.OPERATION#flowable-async-job-executor-thread-15734#
Step "Re-Process Descriptor Step" finished#
#2026 09 09 05:45:11.808#Z#DEBUG#9496fad5-ac11-11f1-9fee-eeee0a8f4579.OPERATION#flowable-async-job-executor-thread-15732#
[CheckServiceBindingOperationStep] Executing task "checkForServiceBindingOperationInProgress" of process "9f9ffe6f-ac11-11f1-ac4f-eeee0a970c81"...#
#2026 09 09 05:45:11.808#Z#DEBUG#9496fad5-ac11-11f1-9fee-eeee0a8f4579.OPERATION#flowable-async-job-executor-thread-15732#
[CheckServiceBindingOperationStep] Checking for service binding operation in progress between app "booksodatav4-srv" and service instance "booksodatav4-xsuaa-service"#
#2026 09 09 05:45:11.809#Z#DEBUG#9496fad5-ac11-11f1-9fee-eeee0a8f4579.OPERATION#flowable-async-job-executor-thread-15732#
[CheckServiceBindingOperationStep] Getting application guid "booksodatav4-srv"...#
#2026 09 09 05:45:11.836#Z#DEBUG#9496fad5-ac11-11f1-9fee-eeee0a8f4579.OPERATION#flowable-async-job-executor-thread-15732#
[CheckServiceBindingOperationStep] Getting GUID of required service instance "booksodatav4-xsuaa-service"...#
#2026 09 09 05:45:11.861#Z#DEBUG#9496fad5-ac11-11f1-9fee-eeee0a8f4579.OPERATION#flowable-async-job-executor-thread-15732#
[CheckServiceBindingOperationStep] Getting binding of service instance "165ce54e-c848-49f7-9ed6-911bede74e19" with application "94794315-8dfe-41b9-b31a-fbf91cff2742"...#
#2026 09 09 05:45:11.885#Z#DEBUG#9496fad5-ac11-11f1-9fee-eeee0a8f4579.OPERATION#flowable-async-job-executor-thread-15732#
[CheckServiceBindingOperationStep] Service binding operation "91187a96-777e-40d5-abed-c1d6ed70588a" with type "create" is in state "succeeded"#
#2026 09 09 05:45:11.885#Z#DEBUG#9496fad5-ac11-11f1-9fee-eeee0a8f4579.OPERATION#flowable-async-job-executor-thread-15732#
Step "Check For Service Binding Operation In Progress" finished#
#2026 09 09 05:45:11.884#Z#DEBUG#9496fad5-ac11-11f1-9fee-eeee0a8f4579.OPERATION#flowable-async-job-executor-thread-15734#
[BuildApplicationDeployModelStep] Executing task "buildApplicationDeployModelTask" of process "9fa221ef-ac11-11f1-ac4f-eeee0a970c81"...#
#2026 09 09 05:45:11.886#Z#DEBUG#9496fad5-ac11-11f1-9fee-eeee0a8f4579.OPERATION#flowable-async-job-executor-thread-15734#
[BuildApplicationDeployModelStep] Building cloud deployment model for application "booksodatav4-db-deployer"...#
#2026 09 09 05:45:11.892#Z#DEBUG#9496fad5-ac11-11f1-9fee-eeee0a8f4579.OPERATION#flowable-async-job-executor-thread-15734#
[BuildApplicationDeployModelStep] No health-check-type is specified. Setting default type: port#
#2026 09 09 05:45:11.893#Z#INFO#9496fad5-ac11-11f1-9fee-eeee0a8f4579.OPERATION#flowable-async-job-executor-thread-15734#
[BuildApplicationDeployModelStep] Building configuration entries for org d0df43b9trial, space dev, spaceId 383e080d-c4c5-4598-b9e9-72e78ff581ba and namespace null!#
#2026 09 09 05:45:11.894#Z#DEBUG#9496fad5-ac11-11f1-9fee-eeee0a8f4579.OPERATION#flowable-async-job-executor-thread-15734#
[BuildApplicationDeployModelStep] Configuration entries to publish: [ ]#
#2026 09 09 05:45:11.894#Z#DEBUG#9496fad5-ac11-11f1-9fee-eeee0a8f4579.OPERATION#flowable-async-job-executor-thread-15734#
[BuildApplicationDeployModelStep] Cloud deployment model for application built#
#2026 09 09 05:45:11.894#Z#DEBUG#9496fad5-ac11-11f1-9fee-eeee0a8f4579.OPERATION#flowable-async-job-executor-thread-15734#
Step "Build Application Deploy Model" finished#
#2026 09 09 05:45:11.912#Z#DEBUG#9496fad5-ac11-11f1-9fee-eeee0a8f4579.OPERATION#flowable-async-job-executor-thread-15732#
[DetermineApplicationServiceBindingActionsStep] Executing task "determineApplicationServiceBindingActionsTask" of process "9f9ffe6f-ac11-11f1-ac4f-eeee0a970c81"...#
#2026 09 09 05:45:11.913#Z#DEBUG#9496fad5-ac11-11f1-9fee-eeee0a8f4579.OPERATION#flowable-async-job-executor-thread-15732#
[DetermineApplicationServiceBindingActionsStep] Determine bind/unbind operations of application "booksodatav4-srv" to service instance "booksodatav4-xsuaa-service"#
#2026 09 09 05:45:11.913#Z#DEBUG#9496fad5-ac11-11f1-9fee-eeee0a8f4579.OPERATION#flowable-async-job-executor-thread-15732#
[DetermineApplicationServiceBindingActionsStep] Getting application "booksodatav4-srv"...#
#2026 09 09 05:45:11.940#Z#DEBUG#9496fad5-ac11-11f1-9fee-eeee0a8f4579.OPERATION#flowable-async-job-executor-thread-15732#
[DetermineApplicationServiceBindingActionsStep] Binding parameters for application "booksodatav4-srv": { }#
#2026 09 09 05:45:11.969#Z#DEBUG#9496fad5-ac11-11f1-9fee-eeee0a8f4579.OPERATION#flowable-async-job-executor-thread-15732#
[DetermineApplicationServiceBindingActionsStep] Check should rebind application "booksodatav4-srv" and service instance "booksodatav4-xsuaa-service"#
#2026 09 09 05:45:11.969#Z#DEBUG#9496fad5-ac11-11f1-9fee-eeee0a8f4579.OPERATION#flowable-async-job-executor-thread-15732#
[DetermineApplicationServiceBindingActionsStep] Getting GUID of required service instance "booksodatav4-xsuaa-service"...#
#2026 09 09 05:45:11.992#Z#DEBUG#9496fad5-ac11-11f1-9fee-eeee0a8f4579.OPERATION#flowable-async-job-executor-thread-15732#
[DetermineApplicationServiceBindingActionsStep] Getting binding of service instance "165ce54e-c848-49f7-9ed6-911bede74e19" with application "94794315-8dfe-41b9-b31a-fbf91cff2742"...#
#2026 09 09 05:45:12.021#Z#DEBUG#9496fad5-ac11-11f1-9fee-eeee0a8f4579.OPERATION#flowable-async-job-executor-thread-15732#
[DetermineApplicationServiceBindingActionsStep] Getting parameters of service binding "91187a96-777e-40d5-abed-c1d6ed70588a"...#
#2026 09 09 05:45:12.056#Z#WARN#9496fad5-ac11-11f1-9fee-eeee0a8f4579.OPERATION#flowable-async-job-executor-thread-15732#
[DetermineApplicationServiceBindingActionsStep] Cannot retrieve parameters of binding between application "booksodatav4-srv" and service instance "booksodatav4-xsuaa-service"#
#2026 09 09 05:45:12.057#Z#DEBUG#9496fad5-ac11-11f1-9fee-eeee0a8f4579.OPERATION#flowable-async-job-executor-thread-15732#
[DetermineApplicationServiceBindingActionsStep] Calculated binding operations between application "booksodatav4-srv" and service instance "booksodatav4-xsuaa-service": unbind - true bind - true#
#2026 09 09 05:45:12.057#Z#DEBUG#9496fad5-ac11-11f1-9fee-eeee0a8f4579.OPERATION#flowable-async-job-executor-thread-15732#
Step "Determine Application Service Binding Actions" finished#
#2026 09 09 05:45:11.978#Z#DEBUG#9496fad5-ac11-11f1-9fee-eeee0a8f4579.OPERATION#flowable-async-job-executor-thread-6827#
[BuildContentDeploymentConfigurationStep] Executing task "buildContentDeploymentConfigurationTask" of process "9fb38601-ac11-11f1-9fee-eeee0a8f4579"...#
#2026 09 09 05:45:11.987#Z#DEBUG#9496fad5-ac11-11f1-9fee-eeee0a8f4579.OPERATION#ForkJoinPool-78-worker-1#
[BuildContentDeploymentConfigurationStep] Getting service key "booksodatav4_html_repo_host-key" for service instance "booksodatav4-html5-app-host-service"...#
#2026 09 09 05:45:11.988#Z#DEBUG#9496fad5-ac11-11f1-9fee-eeee0a8f4579.OPERATION#ForkJoinPool-78-worker-2#
[BuildContentDeploymentConfigurationStep] Getting service key "uaa_booksodatav4-key" for service instance "booksodatav4-xsuaa-service"...#
#2026 09 09 05:45:11.989#Z#DEBUG#9496fad5-ac11-11f1-9fee-eeee0a8f4579.OPERATION#ForkJoinPool-78-worker-3#
[BuildContentDeploymentConfigurationStep] Getting service key "booksodatav4-destination-content-booksodatav4-destination-service-credentials" for service instance "booksodatav4-destination-service"...#
#2026 09 09 05:45:12.181#Z#INFO#9496fad5-ac11-11f1-9fee-eeee0a8f4579.OPERATION#ForkJoinPool-78-worker-3#
[BuildContentDeploymentConfigurationStep] Service key "booksodatav4-destination-content-booksodatav4-destination-service-credentials" for service "booksodatav4-destination-service" already exists#
#2026 09 09 05:45:12.197#Z#INFO#9496fad5-ac11-11f1-9fee-eeee0a8f4579.OPERATION#ForkJoinPool-78-worker-2#
[BuildContentDeploymentConfigurationStep] Service key "uaa_booksodatav4-key" for service "booksodatav4-xsuaa-service" already exists#
#2026 09 09 05:45:12.197#Z#INFO#9496fad5-ac11-11f1-9fee-eeee0a8f4579.OPERATION#ForkJoinPool-78-worker-1#
[BuildContentDeploymentConfigurationStep] Service key "booksodatav4_html_repo_host-key" for service "booksodatav4-html5-app-host-service" already exists#
#2026 09 09 05:45:12.207#Z#DEBUG#9496fad5-ac11-11f1-9fee-eeee0a8f4579.OPERATION#flowable-async-job-executor-thread-6827#
Step "Build Content Deployment Configuration" finished#
#2026 09 09 05:45:12.088#Z#DEBUG#9496fad5-ac11-11f1-9fee-eeee0a8f4579.OPERATION#flowable-async-job-executor-thread-15732#
[UnbindServiceFromApplicationStep] Executing task "unbindServiceFromApplicationTask" of process "9f9ffe6f-ac11-11f1-ac4f-eeee0a970c81"...#
#2026 09 09 05:45:12.090#Z#INFO#9496fad5-ac11-11f1-9fee-eeee0a8f4579.OPERATION#flowable-async-job-executor-thread-15732#
[UnbindServiceFromApplicationStep] Unbinding service instance "booksodatav4-xsuaa-service" from application "booksodatav4-srv"...#
#2026 09 09 05:45:12.094#Z#DEBUG#9496fad5-ac11-11f1-9fee-eeee0a8f4579.OPERATION#flowable-async-job-executor-thread-15732#
[UnbindServiceFromApplicationStep] Unbinding application "booksodatav4-srv" from service instance "booksodatav4-xsuaa-service"...#
#2026 09 09 05:45:12.232#Z#DEBUG#9496fad5-ac11-11f1-9fee-eeee0a8f4579.OPERATION#flowable-async-job-executor-thread-15732#
Step "Unbind Service from Application" finished#
#2026 09 09 05:45:11.927#Z#DEBUG#9496fad5-ac11-11f1-9fee-eeee0a8f4579.OPERATION#flowable-async-job-executor-thread-15734#
[CreateOrUpdateAppStep] Executing task "createAppTask" of process "9fa221ef-ac11-11f1-ac4f-eeee0a970c81"...#
#2026 09 09 05:45:11.928#Z#DEBUG#9496fad5-ac11-11f1-9fee-eeee0a8f4579.OPERATION#flowable-async-job-executor-thread-15734#
[CreateOrUpdateAppStep] Getting application "booksodatav4-db-deployer"...#
#2026 09 09 05:45:11.956#Z#INFO#9496fad5-ac11-11f1-9fee-eeee0a8f4579.OPERATION#flowable-async-job-executor-thread-15734#
[CreateOrUpdateAppStep] Updating application "booksodatav4-db-deployer"...#
#2026 09 09 05:45:11.962#Z#DEBUG#9496fad5-ac11-11f1-9fee-eeee0a8f4579.OPERATION#flowable-async-job-executor-thread-15734#
[CreateOrUpdateAppStep] Getting process for application "c17c2967-9673-4753-9385-930572d5711e"...#
#2026 09 09 05:45:11.990#Z#DEBUG#9496fad5-ac11-11f1-9fee-eeee0a8f4579.OPERATION#flowable-async-job-executor-thread-15734#
[CreateOrUpdateAppStep] Getting routes for application "c17c2967-9673-4753-9385-930572d5711e"...#
#2026 09 09 05:45:12.014#Z#DEBUG#9496fad5-ac11-11f1-9fee-eeee0a8f4579.OPERATION#flowable-async-job-executor-thread-15734#
[CreateOrUpdateAppStep] Getting features for application "c17c2967-9673-4753-9385-930572d5711e"#
#2026 09 09 05:45:12.035#Z#DEBUG#9496fad5-ac11-11f1-9fee-eeee0a8f4579.OPERATION#flowable-async-job-executor-thread-15734#
[CreateOrUpdateAppStep] Updating staging of application "booksodatav4-db-deployer" to: {
  "buildpacks" : [ "nodejs_buildpack" ],
  "healthCheckType" : "port",
  "appFeatures" : { }
}#
#2026 09 09 05:45:12.234#Z#DEBUG#9496fad5-ac11-11f1-9fee-eeee0a8f4579.OPERATION#flowable-async-job-executor-thread-15734#
[CreateOrUpdateAppStep] Application "booksodatav4-db-deployer" updated#
#2026 09 09 05:45:12.234#Z#DEBUG#9496fad5-ac11-11f1-9fee-eeee0a8f4579.OPERATION#flowable-async-job-executor-thread-15734#
[CreateOrUpdateAppStep] Getting environment of application "c17c2967-9673-4753-9385-930572d5711e"...#
#2026 09 09 05:45:12.291#Z#DEBUG#9496fad5-ac11-11f1-9fee-eeee0a8f4579.OPERATION#flowable-async-job-executor-thread-15734#
[CreateOrUpdateAppStep] Application "booksodatav4-db-deployer" updated#
#2026 09 09 05:45:12.291#Z#DEBUG#9496fad5-ac11-11f1-9fee-eeee0a8f4579.OPERATION#flowable-async-job-executor-thread-15734#
Step "Create App" finished#
#2026 09 09 05:45:12.212#Z#DEBUG#9496fad5-ac11-11f1-9fee-eeee0a8f4579.OPERATION#flowable-async-job-executor-thread-6827#
[CreateContentDeployClientConfigurationStep] Executing task "createContentDeployClientConfigurationTask" of process "9fe36fb7-ac11-11f1-9fee-eeee0a8f4579"...#
#2026 09 09 05:45:12.212#Z#DEBUG#9496fad5-ac11-11f1-9fee-eeee0a8f4579.OPERATION#flowable-async-job-executor-thread-6827#
[CreateContentDeployClientConfigurationStep] Content deployer client configuration: {
  "contentDeployerUrl" : "https://destination-configuration.cfapps.us10.hana.ondemand.com/destination-configuration/gacd",
  "uaaClientConfiguration" : {
    "url" : "********",
    "credentials" : "********",
    "authenticationStrategyType" : "********"
  },
  "httpRequestHeaders" : {
    "X-CorrelationID" : "9496fad5-ac11-11f1-9fee-eeee0a8f4579"
  },
  "spaceId" : "383e080d-c4c5-4598-b9e9-72e78ff581ba",
  "serviceName" : "booksodatav4-destination-service"
}#
#2026 09 09 05:45:12.390#Z#DEBUG#9496fad5-ac11-11f1-9fee-eeee0a8f4579.OPERATION#flowable-async-job-executor-thread-6827#
Step "Create Content Deploy Client Configuration" finished#
#2026 09 09 05:45:12.392#Z#DEBUG#9496fad5-ac11-11f1-9fee-eeee0a8f4579.OPERATION#flowable-async-job-executor-thread-6827#
[GetContentFromDeploymentDescriptorStep] Executing task "getContentFromDeploymentDescriptorTask" of process "9fe36fb7-ac11-11f1-9fee-eeee0a8f4579"...#
#2026 09 09 05:45:12.393#Z#DEBUG#9496fad5-ac11-11f1-9fee-eeee0a8f4579.OPERATION#flowable-async-job-executor-thread-6827#
[GetContentFromDeploymentDescriptorStep] Content for module: "booksodatav4-destination-content" is: "{
  "id" : "4f5e4c08-f116-4f6f-a845-d38a9940a721",
  "contentType" : "EMBEDDED",
  "content" : {
    "instance" : {
      "destinations" : [ {
        "Name" : "booksodatav4capm_booksodatav4_html_repo_host",
        "ServiceInstanceName" : "booksodatav4-html5-app-host-service",
        "ServiceKeyName" : "********",
        "sap.cloud.service" : "booksodatav4capm"
      }, {
        "Authentication" : "********",
        "Name" : "booksodatav4capm_uaa_booksodatav4",
        "ServiceInstanceName" : "booksodatav4-xsuaa-service",
        "ServiceKeyName" : "********",
        "sap.cloud.service" : "booksodatav4capm"
      }, {
        "Authentication" : "********",
        "HTML5.DynamicDestination" : true,
        "HTML5.ForwardAuthToken" : "********",
        "Name" : "srv-api",
        "ProxyType" : "Internet",
        "Type" : "HTTP",
        "URL" : "https://d0df43b9trial-dev-booksodatav4-srv.cfapps.us10-001.hana.ondemand.com"
      } ],
      "existing_destinations_policy" : "update"
    }
  }
}"#
#2026 09 09 05:45:12.393#Z#DEBUG#9496fad5-ac11-11f1-9fee-eeee0a8f4579.OPERATION#flowable-async-job-executor-thread-6827#
Step "Get Content From Deployment Descriptor" finished#
#2026 09 09 05:45:12.368#Z#DEBUG#9496fad5-ac11-11f1-9fee-eeee0a8f4579.OPERATION#flowable-async-job-executor-thread-15734#
[CheckServiceBindingOperationStep] Executing task "checkForServiceBindingOperationInProgress" of process "9ff682f0-ac11-11f1-ac4f-eeee0a970c81"...#
#2026 09 09 05:45:12.368#Z#DEBUG#9496fad5-ac11-11f1-9fee-eeee0a8f4579.OPERATION#flowable-async-job-executor-thread-15734#
[CheckServiceBindingOperationStep] Checking for service binding operation in progress between app "booksodatav4-db-deployer" and service instance "booksodatav4-db"#
#2026 09 09 05:45:12.369#Z#DEBUG#9496fad5-ac11-11f1-9fee-eeee0a8f4579.OPERATION#flowable-async-job-executor-thread-15734#
[CheckServiceBindingOperationStep] Getting application guid "booksodatav4-db-deployer"...#
#2026 09 09 05:45:12.392#Z#DEBUG#9496fad5-ac11-11f1-9fee-eeee0a8f4579.OPERATION#flowable-async-job-executor-thread-15734#
[CheckServiceBindingOperationStep] Getting GUID of required service instance "booksodatav4-db"...#
#2026 09 09 05:45:12.415#Z#DEBUG#9496fad5-ac11-11f1-9fee-eeee0a8f4579.OPERATION#flowable-async-job-executor-thread-15734#
[CheckServiceBindingOperationStep] Getting binding of service instance "8c00239a-6ad2-4b0e-922a-c0cdff9359aa" with application "c17c2967-9673-4753-9385-930572d5711e"...#
#2026 09 09 05:45:12.442#Z#DEBUG#9496fad5-ac11-11f1-9fee-eeee0a8f4579.OPERATION#flowable-async-job-executor-thread-15734#
[CheckServiceBindingOperationStep] Service binding operation "9518f03a-48a4-48e6-86e2-3ae83bc0cf99" with type "create" is in state "succeeded"#
#2026 09 09 05:45:12.442#Z#DEBUG#9496fad5-ac11-11f1-9fee-eeee0a8f4579.OPERATION#flowable-async-job-executor-thread-15734#
Step "Check For Service Binding Operation In Progress" finished#
#2026 09 09 05:45:12.395#Z#DEBUG#9496fad5-ac11-11f1-9fee-eeee0a8f4579.OPERATION#flowable-async-job-executor-thread-6827#
[SynchronousContentDeployStep] Executing task "synchronousContentDeployTask" of process "9fe36fb7-ac11-11f1-9fee-eeee0a8f4579"...#
#2026 09 09 05:45:12.395#Z#INFO#9496fad5-ac11-11f1-9fee-eeee0a8f4579.OPERATION#flowable-async-job-executor-thread-6827#
[SynchronousContentDeployStep] Deploying content module "booksodatav4-destination-content" in target service "booksodatav4-destination-service"...#
#2026 09 09 05:45:12.548#Z#DEBUG#9496fad5-ac11-11f1-9fee-eeee0a8f4579.OPERATION#flowable-async-job-executor-thread-6827#
[SynchronousContentDeployStep] Processing inline content upload for module: booksodatav4-destination-content#
#2026 09 09 05:45:12.564#Z#ERROR#9496fad5-ac11-11f1-9fee-eeee0a8f4579.OPERATION#flowable-async-job-executor-thread-6827#
[SynchronousContentDeployStep] [booksodatav4-destination-content] [ERROR] Missing destination property [ServiceInstanceName] in destination srv-api#
#2026 09 09 05:45:12.570#Z#ERROR#9496fad5-ac11-11f1-9fee-eeee0a8f4579.OPERATION#flowable-async-job-executor-thread-6827#
Exception caught#
org.cloudfoundry.multiapps.common.ContentException: Content deployment for module "booksodatav4-destination-content" to resource "booksodatav4-destination-service" failed: Content deployment for module "booksodatav4-destination-content" failed due to invalid content. Download the logs "booksodatav4-destination-content_booksodatav4-destination-service" via the dmol command and check them for more information. 
	at org.cloudfoundry.multiapps.controller.process.steps.SyncFlowableStep.processException(SyncFlowableStep.java:159)
	at org.cloudfoundry.multiapps.controller.process.steps.SyncFlowableStep.onStepError(SyncFlowableStep.java:154)
	at org.cloudfoundry.multiapps.controller.process.steps.SyncFlowableStep.handleException(SyncFlowableStep.java:130)
	at org.cloudfoundry.multiapps.controller.process.steps.SyncFlowableStep.executeInternal(SyncFlowableStep.java:91)
	at org.cloudfoundry.multiapps.controller.process.steps.SyncFlowableStep.lambda$execute$0(SyncFlowableStep.java:75)
	at org.cloudfoundry.multiapps.controller.core.util.LoggingUtil.logWithCorrelationId(LoggingUtil.java:14)
	at org.cloudfoundry.multiapps.controller.process.steps.SyncFlowableStep.execute(SyncFlowableStep.java:75)
	at org.flowable.engine.impl.delegate.invocation.JavaDelegateInvocation.invoke(JavaDelegateInvocation.java:35)
	at org.flowable.engine.impl.delegate.invocation.DelegateInvocation.proceed(DelegateInvocation.java:32)
	at org.flowable.engine.impl.delegate.invocation.DefaultDelegateInterceptor.handleInvocation(DefaultDelegateInterceptor.java:26)
	at org.flowable.engine.impl.bpmn.behavior.ServiceTaskDelegateExpressionActivityBehavior.execute(ServiceTaskDelegateExpressionActivityBehavior.java:177)
	at org.flowable.engine.impl.agenda.ContinueProcessOperation.executeActivityBehavior(ContinueProcessOperation.java:298)
	at org.flowable.engine.impl.agenda.ContinueProcessOperation.executeSynchronous(ContinueProcessOperation.java:175)
	at org.flowable.engine.impl.agenda.ContinueProcessOperation.continueThroughFlowNode(ContinueProcessOperation.java:125)
	at org.flowable.engine.impl.agenda.ContinueProcessOperation.run(ContinueProcessOperation.java:88)
	at org.flowable.common.engine.impl.AbstractEngineConfiguration.lambda$new$0(AbstractEngineConfiguration.java:198)
	at org.flowable.engine.impl.interceptor.CommandInvoker.executeOperation(CommandInvoker.java:189)
	at org.flowable.engine.impl.interceptor.CommandInvoker.executeOperations(CommandInvoker.java:128)
	at org.flowable.engine.impl.interceptor.CommandInvoker.execute(CommandInvoker.java:80)
	at org.flowable.engine.impl.interceptor.BpmnOverrideContextInterceptor.execute(BpmnOverrideContextInterceptor.java:26)
	at org.flowable.common.engine.impl.interceptor.TransactionContextInterceptor.execute(TransactionContextInterceptor.java:53)
	at org.flowable.common.engine.impl.interceptor.CommandContextInterceptor.execute(CommandContextInterceptor.java:105)
	at org.flowable.common.spring.SpringTransactionInterceptor.lambda$execute$0(SpringTransactionInterceptor.java:57)
	at org.springframework.transaction.support.TransactionTemplate.execute(TransactionTemplate.java:140)
	at org.flowable.common.spring.SpringTransactionInterceptor.execute(SpringTransactionInterceptor.java:57)
	at org.flowable.common.engine.impl.interceptor.LogInterceptor.execute(LogInterceptor.java:30)
	at org.flowable.common.engine.impl.cfg.CommandExecutorImpl.execute(CommandExecutorImpl.java:56)
	at org.flowable.common.engine.impl.cfg.CommandExecutorImpl.execute(CommandExecutorImpl.java:51)
	at org.flowable.job.service.impl.asyncexecutor.ExecuteAsyncRunnable.handleTransactionalJob(ExecuteAsyncRunnable.java:177)
	at org.flowable.job.service.impl.asyncexecutor.ExecuteAsyncRunnable.executeJob(ExecuteAsyncRunnable.java:146)
	at org.flowable.job.service.impl.asyncexecutor.ExecuteAsyncRunnable.runInternally(ExecuteAsyncRunnable.java:122)
	at org.flowable.job.service.impl.asyncexecutor.ExecuteAsyncRunnable.run(ExecuteAsyncRunnable.java:96)
	at java.base/java.util.concurrent.ThreadPoolExecutor.runWorker(ThreadPoolExecutor.java:1090)
	at java.base/java.util.concurrent.ThreadPoolExecutor$Worker.run(ThreadPoolExecutor.java:614)
	at java.base/java.lang.Thread.run(Thread.java:1474)
Caused by: org.cloudfoundry.multiapps.common.ContentException: Content deployment for module "booksodatav4-destination-content" failed due to invalid content. Download the logs "booksodatav4-destination-content_booksodatav4-destination-service" via the dmol command and check them for more information.
	at com.sap.cloud.lm.sl.cf.sap.process.steps.SynchronousContentDeployStep.executeStep(SynchronousContentDeployStep.java:61)
	at org.cloudfoundry.multiapps.controller.process.steps.SyncFlowableStep.executeInternal(SyncFlowableStep.java:85)
	... 31 more
#2026 09 09 05:45:12.578#Z#DEBUG#9496fad5-ac11-11f1-9fee-eeee0a8f4579.OPERATION#flowable-async-job-executor-thread-6827#
Step "Synchronous Deploy" finished#
#2026 09 09 05:45:12.469#Z#DEBUG#9496fad5-ac11-11f1-9fee-eeee0a8f4579.OPERATION#flowable-async-job-executor-thread-15734#
[DetermineApplicationServiceBindingActionsStep] Executing task "determineApplicationServiceBindingActionsTask" of process "9ff682f0-ac11-11f1-ac4f-eeee0a970c81"...#
#2026 09 09 05:45:12.470#Z#DEBUG#9496fad5-ac11-11f1-9fee-eeee0a8f4579.OPERATION#flowable-async-job-executor-thread-15734#
[DetermineApplicationServiceBindingActionsStep] Determine bind/unbind operations of application "booksodatav4-db-deployer" to service instance "booksodatav4-db"#
#2026 09 09 05:45:12.470#Z#DEBUG#9496fad5-ac11-11f1-9fee-eeee0a8f4579.OPERATION#flowable-async-job-executor-thread-15734#
[DetermineApplicationServiceBindingActionsStep] Getting application "booksodatav4-db-deployer"...#
#2026 09 09 05:45:12.500#Z#DEBUG#9496fad5-ac11-11f1-9fee-eeee0a8f4579.OPERATION#flowable-async-job-executor-thread-15734#
[DetermineApplicationServiceBindingActionsStep] Binding parameters for application "booksodatav4-db-deployer": { }#
#2026 09 09 05:45:12.535#Z#DEBUG#9496fad5-ac11-11f1-9fee-eeee0a8f4579.OPERATION#flowable-async-job-executor-thread-15734#
[DetermineApplicationServiceBindingActionsStep] Check should rebind application "booksodatav4-db-deployer" and service instance "booksodatav4-db"#
#2026 09 09 05:45:12.535#Z#DEBUG#9496fad5-ac11-11f1-9fee-eeee0a8f4579.OPERATION#flowable-async-job-executor-thread-15734#
[DetermineApplicationServiceBindingActionsStep] Getting GUID of required service instance "booksodatav4-db"...#
#2026 09 09 05:45:12.565#Z#DEBUG#9496fad5-ac11-11f1-9fee-eeee0a8f4579.OPERATION#flowable-async-job-executor-thread-15734#
[DetermineApplicationServiceBindingActionsStep] Getting binding of service instance "8c00239a-6ad2-4b0e-922a-c0cdff9359aa" with application "c17c2967-9673-4753-9385-930572d5711e"...#
#2026 09 09 05:45:12.588#Z#DEBUG#9496fad5-ac11-11f1-9fee-eeee0a8f4579.OPERATION#flowable-async-job-executor-thread-15734#
[DetermineApplicationServiceBindingActionsStep] Getting parameters of service binding "9518f03a-48a4-48e6-86e2-3ae83bc0cf99"...#
#2026 09 09 05:45:12.748#Z#INFO#9496fad5-ac11-11f1-9fee-eeee0a8f4579.OPERATION#flowable-async-job-executor-thread-15734#
[DetermineApplicationServiceBindingActionsStep] Service instance "booksodatav4-db" will not be rebound to application "booksodatav4-db-deployer" because the binding parameters are not modified#
#2026 09 09 05:45:12.753#Z#DEBUG#9496fad5-ac11-11f1-9fee-eeee0a8f4579.OPERATION#flowable-async-job-executor-thread-15734#
[DetermineApplicationServiceBindingActionsStep] Calculated binding operations between application "booksodatav4-db-deployer" and service instance "booksodatav4-db": unbind - false bind - false#
#2026 09 09 05:45:12.753#Z#DEBUG#9496fad5-ac11-11f1-9fee-eeee0a8f4579.OPERATION#flowable-async-job-executor-thread-15734#
Step "Determine Application Service Binding Actions" finished#
#2026 09 09 05:45:12.848#Z#DEBUG#9496fad5-ac11-11f1-9fee-eeee0a8f4579.OPERATION#flowable-async-job-executor-thread-15734#
[DetermineVcapServicesPropertiesChangedStep] Executing task "determineVcapServicesPropertiesChangedTask" of process "a03ed5aa-ac11-11f1-ac4f-eeee0a970c81"...#
#2026 09 09 05:45:12.849#Z#DEBUG#9496fad5-ac11-11f1-9fee-eeee0a8f4579.OPERATION#flowable-async-job-executor-thread-15734#
[DetermineVcapServicesPropertiesChangedStep] VCAP_SERVICES properties for application "booksodatav4-db-deployer" changed: false#
#2026 09 09 05:45:12.849#Z#DEBUG#9496fad5-ac11-11f1-9fee-eeee0a8f4579.OPERATION#flowable-async-job-executor-thread-15734#
Step "Determine vcap services properties changed" finished#
#2026 09 09 05:45:12.876#Z#DEBUG#9496fad5-ac11-11f1-9fee-eeee0a8f4579.OPERATION#flowable-async-job-executor-thread-15734#
[UploadAppStep] Executing task "uploadAppTask" of process "a03ed5aa-ac11-11f1-ac4f-eeee0a970c81"...#
#2026 09 09 05:45:12.878#Z#DEBUG#9496fad5-ac11-11f1-9fee-eeee0a8f4579.OPERATION#flowable-async-job-executor-thread-15734#
[UploadAppStep] Application upload timeout is default one: 3,600 seconds#
#2026 09 09 05:45:12.878#Z#INFO#9496fad5-ac11-11f1-9fee-eeee0a8f4579.OPERATION#flowable-async-job-executor-thread-15734#
[UploadAppStep] Uploading application "booksodatav4-db-deployer"...#
#2026 09 09 05:45:12.883#Z#DEBUG#9496fad5-ac11-11f1-9fee-eeee0a8f4579.OPERATION#flowable-async-job-executor-thread-15734#
[UploadAppStep] Getting application "booksodatav4-db-deployer"...#
#2026 09 09 05:45:12.906#Z#DEBUG#9496fad5-ac11-11f1-9fee-eeee0a8f4579.OPERATION#flowable-async-job-executor-thread-15734#
[UploadAppStep] Getting environment of application "c17c2967-9673-4753-9385-930572d5711e"...#
#2026 09 09 05:45:12.929#Z#INFO#9496fad5-ac11-11f1-9fee-eeee0a8f4579.OPERATION#flowable-async-job-executor-thread-15734#
[UploadAppStep] Calculating application digest: "booksodatav4-db-deployer"#
#2026 09 09 05:45:13.015#Z#DEBUG#9496fad5-ac11-11f1-9fee-eeee0a8f4579.OPERATION#flowable-async-job-executor-thread-15734#
Step "Upload App" finished#
#2026 09 09 05:45:14.856#Z#DEBUG#9496fad5-ac11-11f1-9fee-eeee0a8f4579.OPERATION#flowable-async-job-executor-thread-9637#
[BuildContentDeploymentConfigurationStep] Executing task "buildContentDeploymentConfigurationTask" of process "a16c5982-ac11-11f1-b39f-eeee0a9ef9bb"...#
#2026 09 09 05:45:14.861#Z#DEBUG#9496fad5-ac11-11f1-9fee-eeee0a8f4579.OPERATION#flowable-async-job-executor-thread-9637#
[BuildContentDeploymentConfigurationStep] Getting service key "booksodatav4-app-content-booksodatav4_html_repo_host-credentials" for service instance "booksodatav4-html5-app-host-service"...#
#2026 09 09 05:45:15.060#Z#INFO#9496fad5-ac11-11f1-9fee-eeee0a8f4579.OPERATION#flowable-async-job-executor-thread-9637#
[BuildContentDeploymentConfigurationStep] Service key "booksodatav4-app-content-booksodatav4_html_repo_host-credentials" for service "booksodatav4-html5-app-host-service" already exists#
#2026 09 09 05:45:15.065#Z#DEBUG#9496fad5-ac11-11f1-9fee-eeee0a8f4579.OPERATION#flowable-async-job-executor-thread-9637#
Step "Build Content Deployment Configuration" finished#
#2026 09 09 05:45:15.068#Z#DEBUG#9496fad5-ac11-11f1-9fee-eeee0a8f4579.OPERATION#flowable-async-job-executor-thread-9637#
[CreateContentDeployClientConfigurationStep] Executing task "createContentDeployClientConfigurationTask" of process "a1976138-ac11-11f1-b39f-eeee0a9ef9bb"...#
#2026 09 09 05:45:15.069#Z#DEBUG#9496fad5-ac11-11f1-9fee-eeee0a8f4579.OPERATION#flowable-async-job-executor-thread-9637#
[CreateContentDeployClientConfigurationStep] Content deployer client configuration: {
  "contentDeployerUrl" : "https://html5-apps-repo-dt.cfapps.us10.hana.ondemand.com",
  "uaaClientConfiguration" : {
    "url" : "********",
    "credentials" : "********",
    "authenticationStrategyType" : "********"
  },
  "httpRequestHeaders" : {
    "X-CorrelationID" : "9496fad5-ac11-11f1-9fee-eeee0a8f4579"
  },
  "spaceId" : "383e080d-c4c5-4598-b9e9-72e78ff581ba",
  "serviceName" : "booksodatav4_html_repo_host"
}#
#2026 09 09 05:45:15.280#Z#DEBUG#9496fad5-ac11-11f1-9fee-eeee0a8f4579.OPERATION#flowable-async-job-executor-thread-9637#
Step "Create Content Deploy Client Configuration" finished#
#2026 09 09 05:45:15.281#Z#DEBUG#9496fad5-ac11-11f1-9fee-eeee0a8f4579.OPERATION#flowable-async-job-executor-thread-9637#
[GetContentFromDeploymentDescriptorStep] Executing task "getContentFromDeploymentDescriptorTask" of process "a1976138-ac11-11f1-b39f-eeee0a9ef9bb"...#
#2026 09 09 05:45:15.282#Z#DEBUG#9496fad5-ac11-11f1-9fee-eeee0a8f4579.OPERATION#flowable-async-job-executor-thread-9637#
Step "Get Content From Deployment Descriptor" finished#
#2026 09 09 05:45:15.283#Z#DEBUG#9496fad5-ac11-11f1-9fee-eeee0a8f4579.OPERATION#flowable-async-job-executor-thread-9637#
[UploadContentStep] Executing task "uploadContentTask" of process "a1976138-ac11-11f1-b39f-eeee0a9ef9bb"...#
#2026 09 09 05:45:15.283#Z#INFO#9496fad5-ac11-11f1-9fee-eeee0a8f4579.OPERATION#flowable-async-job-executor-thread-9637#
[UploadContentStep] Uploading content module "booksodatav4-app-content" in target service "booksodatav4_html_repo_host"...#
#2026 09 09 05:45:15.288#Z#DEBUG#9496fad5-ac11-11f1-9fee-eeee0a8f4579.OPERATION#flowable-async-job-executor-thread-9637#
[UploadContentStep] Uploading file "booksodatav4-app-content/resources/data.zip" for content module "booksodatav4-app-content" in service "booksodatav4_html_repo_host"#
#2026 09 09 05:45:15.511#Z#INFO#9496fad5-ac11-11f1-9fee-eeee0a8f4579.OPERATION#flowable-async-job-executor-thread-9637#
[UploadContentStep] Content to deploy size: 5,330 in bytes#
#2026 09 09 05:45:16.009#Z#DEBUG#9496fad5-ac11-11f1-9fee-eeee0a8f4579.OPERATION#flowable-async-job-executor-thread-9637#
[UploadContentStep] Uploaded content: {
  "id" : "5b0a2366-5922-462e-8a6c-a632de0a0f4a",
  "name" : "content.zip",
  "contentType" : "FILE"
}#
#2026 09 09 05:45:16.009#Z#DEBUG#9496fad5-ac11-11f1-9fee-eeee0a8f4579.OPERATION#flowable-async-job-executor-thread-9637#
Step "Upload Content" finished#
#2026 09 09 05:45:16.012#Z#DEBUG#9496fad5-ac11-11f1-9fee-eeee0a8f4579.OPERATION#flowable-async-job-executor-thread-9637#
[StartContentDeployStep] Executing task "startContentDeployTask" of process "a1976138-ac11-11f1-b39f-eeee0a9ef9bb"...#
#2026 09 09 05:45:16.012#Z#INFO#9496fad5-ac11-11f1-9fee-eeee0a8f4579.OPERATION#flowable-async-job-executor-thread-9637#
[StartContentDeployStep] Deploying content module "booksodatav4-app-content" in target service "booksodatav4_html_repo_host"...#
#2026 09 09 05:45:16.237#Z#DEBUG#9496fad5-ac11-11f1-9fee-eeee0a8f4579.OPERATION#flowable-async-job-executor-thread-9637#
Step "Start Content Deploy" finished#
#2026 09 09 05:45:25.857#Z#DEBUG#9496fad5-ac11-11f1-9fee-eeee0a8f4579.OPERATION#flowable-async-job-executor-thread-15738#
[UnbindServiceFromApplicationStep] Executing task "unbindServiceFromApplicationTask" of process "9f9ffe6f-ac11-11f1-ac4f-eeee0a970c81"...#
#2026 09 09 05:45:25.860#Z#DEBUG#9496fad5-ac11-11f1-9fee-eeee0a8f4579.OPERATION#flowable-async-job-executor-thread-15738#
[UnbindServiceFromApplicationStep] Getting async job "96080efe-887a-4205-8d8d-380039008ec9"#
#2026 09 09 05:45:25.889#Z#DEBUG#9496fad5-ac11-11f1-9fee-eeee0a8f4579.OPERATION#flowable-async-job-executor-thread-15738#
[UnbindServiceFromApplicationStep] Getting service instance "booksodatav4-xsuaa-service"...#
#2026 09 09 05:45:26.021#Z#DEBUG#9496fad5-ac11-11f1-9fee-eeee0a8f4579.OPERATION#flowable-async-job-executor-thread-15738#
[UnbindServiceFromApplicationStep] Async service binding operation with id "96080efe-887a-4205-8d8d-380039008ec9" finished#
#2026 09 09 05:45:26.026#Z#DEBUG#9496fad5-ac11-11f1-9fee-eeee0a8f4579.OPERATION#flowable-async-job-executor-thread-15738#
Step "Unbind Service from Application" finished#
#2026 09 09 05:45:26.070#Z#DEBUG#9496fad5-ac11-11f1-9fee-eeee0a8f4579.OPERATION#flowable-async-job-executor-thread-15738#
[BindServiceToApplicationStep] Executing task "bindServiceToApplicationTask" of process "9f9ffe6f-ac11-11f1-ac4f-eeee0a970c81"...#
#2026 09 09 05:45:26.072#Z#INFO#9496fad5-ac11-11f1-9fee-eeee0a8f4579.OPERATION#flowable-async-job-executor-thread-15738#
[BindServiceToApplicationStep] Binding service instance "booksodatav4-xsuaa-service" to application "booksodatav4-srv"...#
#2026 09 09 05:45:26.080#Z#DEBUG#9496fad5-ac11-11f1-9fee-eeee0a8f4579.OPERATION#flowable-async-job-executor-thread-15738#
[BindServiceToApplicationStep] Binding service instance "booksodatav4-xsuaa-service" to application "booksodatav4-srv" with parameters: { }#
#2026 09 09 05:45:26.200#Z#DEBUG#9496fad5-ac11-11f1-9fee-eeee0a8f4579.OPERATION#flowable-async-job-executor-thread-15738#
Step "Bind Service to Application" finished#
#2026 09 09 05:45:25.847#Z#DEBUG#9496fad5-ac11-11f1-9fee-eeee0a8f4579.OPERATION#flowable-async-job-executor-thread-15728#
[UploadAppStep] Executing task "uploadAppTask" of process "a03ed5aa-ac11-11f1-ac4f-eeee0a970c81"...#
#2026 09 09 05:45:25.850#Z#DEBUG#9496fad5-ac11-11f1-9fee-eeee0a8f4579.OPERATION#flowable-async-job-executor-thread-15728#
[UploadAppStep] Application upload timeout is default one: 3,600 seconds#
#2026 09 09 05:45:25.852#Z#DEBUG#9496fad5-ac11-11f1-9fee-eeee0a8f4579.OPERATION#pool-14-thread-1#
[UploadAppStep] Upload of application: booksodatav4-db-deployer started on instance: 0#
#2026 09 09 05:45:25.852#Z#DEBUG#9496fad5-ac11-11f1-9fee-eeee0a8f4579.OPERATION#pool-14-thread-1#
[UploadAppStep] Uploading file "booksodatav4-db-deployer/data.zip" for application "booksodatav4-db-deployer"#
#2026 09 09 05:45:25.937#Z#INFO#9496fad5-ac11-11f1-9fee-eeee0a8f4579.OPERATION#pool-14-thread-1#
[UploadAppStep] Time elapsed for app binary download: 84 in millis#
#2026 09 09 05:45:25.937#Z#INFO#9496fad5-ac11-11f1-9fee-eeee0a8f4579.OPERATION#pool-14-thread-1#
[UploadAppStep] Size of app booksodatav4-db-deployer is 2,452,864 bytes#
#2026 09 09 05:45:25.937#Z#DEBUG#9496fad5-ac11-11f1-9fee-eeee0a8f4579.OPERATION#pool-14-thread-1#
[UploadAppStep] Asynchronously uploading binaries for application "booksodatav4-db-deployer"...#
#2026 09 09 05:45:26.135#Z#INFO#9496fad5-ac11-11f1-9fee-eeee0a8f4579.OPERATION#pool-14-thread-1#
[UploadAppStep] Started async upload of application "booksodatav4-db-deployer"#
#2026 09 09 05:45:26.141#Z#INFO#9496fad5-ac11-11f1-9fee-eeee0a8f4579.OPERATION#flowable-async-job-executor-thread-15728#
[UploadAppStep] Time elapsed for upload: 290 in millis#
#2026 09 09 05:45:26.141#Z#DEBUG#9496fad5-ac11-11f1-9fee-eeee0a8f4579.OPERATION#flowable-async-job-executor-thread-15728#
[UploadAppStep] Getting application "booksodatav4-db-deployer"...#
#2026 09 09 05:45:26.156#Z#DEBUG#9496fad5-ac11-11f1-9fee-eeee0a8f4579.OPERATION#App upload monitor: b9a27808-214d-4048-8a4d-c57a65dfb266#
[UploadAppStep] Upload status: PROCESSING_UPLOAD#
#2026 09 09 05:45:26.159#Z#DEBUG#9496fad5-ac11-11f1-9fee-eeee0a8f4579.OPERATION#flowable-async-job-executor-thread-15728#
[UploadAppStep] Getting environment of application "c17c2967-9673-4753-9385-930572d5711e"...#
#2026 09 09 05:45:26.191#Z#DEBUG#9496fad5-ac11-11f1-9fee-eeee0a8f4579.OPERATION#flowable-async-job-executor-thread-15728#
[UploadAppStep] Updating environment of application "booksodatav4-db-deployer"#
#2026 09 09 05:45:26.260#Z#DEBUG#9496fad5-ac11-11f1-9fee-eeee0a8f4579.OPERATION#flowable-async-job-executor-thread-15728#
Step "Upload App" finished#
#2026 09 09 05:45:25.824#Z#DEBUG#9496fad5-ac11-11f1-9fee-eeee0a8f4579.OPERATION#flowable-async-job-executor-thread-15737#
[StartContentDeployStep] Executing task "startContentDeployTask" of process "a1976138-ac11-11f1-b39f-eeee0a9ef9bb"...#
#2026 09 09 05:45:25.827#Z#DEBUG#9496fad5-ac11-11f1-9fee-eeee0a8f4579.OPERATION#flowable-async-job-executor-thread-15737#
[StartContentDeployStep] Checking status of module content deployment "booksodatav4-app-content" in service "booksodatav4_html_repo_host"...#
#2026 09 09 05:45:26.305#Z#DEBUG#9496fad5-ac11-11f1-9fee-eeee0a8f4579.OPERATION#flowable-async-job-executor-thread-15737#
[StartContentDeployStep] Deleting content deployment resource "5b0a2366-5922-462e-8a6c-a632de0a0f4a"...#
#2026 09 09 05:45:26.339#Z#DEBUG#9496fad5-ac11-11f1-9fee-eeee0a8f4579.OPERATION#flowable-async-job-executor-thread-15737#
Step "Start Content Deploy" finished#
#2026 09 09 05:45:31.185#Z#DEBUG#9496fad5-ac11-11f1-9fee-eeee0a8f4579.OPERATION#App upload monitor: b9a27808-214d-4048-8a4d-c57a65dfb266#
[UploadAppStep] Upload status: PROCESSING_UPLOAD#
#2026 09 09 05:45:35.887#Z#DEBUG#9496fad5-ac11-11f1-9fee-eeee0a8f4579.OPERATION#flowable-async-job-executor-thread-15744#
[UploadAppStep] Executing task "uploadAppTask" of process "a03ed5aa-ac11-11f1-ac4f-eeee0a970c81"...#
#2026 09 09 05:45:35.891#Z#DEBUG#9496fad5-ac11-11f1-9fee-eeee0a8f4579.OPERATION#flowable-async-job-executor-thread-15744#
[UploadAppStep] Application upload timeout is default one: 3,600 seconds#
#2026 09 09 05:45:35.891#Z#DEBUG#9496fad5-ac11-11f1-9fee-eeee0a8f4579.OPERATION#flowable-async-job-executor-thread-15744#
[UploadAppStep] Checking upload status of application "booksodatav4-db-deployer"...#
#2026 09 09 05:45:35.893#Z#DEBUG#9496fad5-ac11-11f1-9fee-eeee0a8f4579.OPERATION#flowable-async-job-executor-thread-15744#
[UploadAppStep] Getting package "b9a27808-214d-4048-8a4d-c57a65dfb266"...#
#2026 09 09 05:45:35.916#Z#DEBUG#9496fad5-ac11-11f1-9fee-eeee0a8f4579.OPERATION#flowable-async-job-executor-thread-15744#
[UploadAppStep] Application "booksodatav4-db-deployer" uploaded#
#2026 09 09 05:45:35.918#Z#DEBUG#9496fad5-ac11-11f1-9fee-eeee0a8f4579.OPERATION#flowable-async-job-executor-thread-15744#
Step "Upload App" finished#
#2026 09 09 05:45:36.038#Z#DEBUG#9496fad5-ac11-11f1-9fee-eeee0a8f4579.OPERATION#flowable-async-job-executor-thread-15742#
[ScaleAppStep] Executing task "scaleAppTask" of process "a03ed5aa-ac11-11f1-ac4f-eeee0a970c81"...#
#2026 09 09 05:45:36.040#Z#DEBUG#9496fad5-ac11-11f1-9fee-eeee0a8f4579.OPERATION#flowable-async-job-executor-thread-15742#
[ScaleAppStep] Scaling application "booksodatav4-db-deployer"...#
#2026 09 09 05:45:36.040#Z#DEBUG#9496fad5-ac11-11f1-9fee-eeee0a8f4579.OPERATION#flowable-async-job-executor-thread-15742#
[ScaleAppStep] Getting application guid "booksodatav4-db-deployer"...#
#2026 09 09 05:45:36.073#Z#DEBUG#9496fad5-ac11-11f1-9fee-eeee0a8f4579.OPERATION#flowable-async-job-executor-thread-15742#
[ScaleAppStep] Getting process for application "c17c2967-9673-4753-9385-930572d5711e"...#
#2026 09 09 05:45:36.103#Z#DEBUG#9496fad5-ac11-11f1-9fee-eeee0a8f4579.OPERATION#flowable-async-job-executor-thread-15742#
[ScaleAppStep] Application "booksodatav4-db-deployer" scaled#
#2026 09 09 05:45:36.103#Z#DEBUG#9496fad5-ac11-11f1-9fee-eeee0a8f4579.OPERATION#flowable-async-job-executor-thread-15742#
Step "Scale App" finished#
#2026 09 09 05:45:36.137#Z#DEBUG#9496fad5-ac11-11f1-9fee-eeee0a8f4579.OPERATION#flowable-async-job-executor-thread-15742#
[DetermineDesiredStateAchievingActionsStep] Executing task "determineDesiredStateAchievingActionsTask" of process "a03ed5aa-ac11-11f1-ac4f-eeee0a970c81"...#
#2026 09 09 05:45:36.139#Z#DEBUG#9496fad5-ac11-11f1-9fee-eeee0a8f4579.OPERATION#flowable-async-job-executor-thread-15742#
[DetermineDesiredStateAchievingActionsStep] Getting application "booksodatav4-db-deployer"...#
#2026 09 09 05:45:36.171#Z#DEBUG#9496fad5-ac11-11f1-9fee-eeee0a8f4579.OPERATION#flowable-async-job-executor-thread-15742#
[DetermineDesiredStateAchievingActionsStep] Getting instances for application "booksodatav4-db-deployer"...#
#2026 09 09 05:45:36.171#Z#DEBUG#9496fad5-ac11-11f1-9fee-eeee0a8f4579.OPERATION#flowable-async-job-executor-thread-15742#
[DetermineDesiredStateAchievingActionsStep] Getting environment of application "c17c2967-9673-4753-9385-930572d5711e"...#
#2026 09 09 05:45:36.202#Z#DEBUG#9496fad5-ac11-11f1-9fee-eeee0a8f4579.OPERATION#flowable-async-job-executor-thread-15742#
[DetermineDesiredStateAchievingActionsStep] Current state of application booksodatav4-db-deployer: STOPPED#
#2026 09 09 05:45:36.202#Z#DEBUG#9496fad5-ac11-11f1-9fee-eeee0a8f4579.OPERATION#flowable-async-job-executor-thread-15742#
[DetermineDesiredStateAchievingActionsStep] Desired state of application booksodatav4-db-deployer: STOPPED#
#2026 09 09 05:45:36.202#Z#DEBUG#9496fad5-ac11-11f1-9fee-eeee0a8f4579.OPERATION#flowable-async-job-executor-thread-15742#
[DetermineDesiredStateAchievingActionsStep] Actions that should be executed on application booksodatav4-db-deployer: [STAGE]#
#2026 09 09 05:45:36.202#Z#DEBUG#9496fad5-ac11-11f1-9fee-eeee0a8f4579.OPERATION#flowable-async-job-executor-thread-15742#
Step "Determine Desired State Achieving Actions" finished#
#2026 09 09 05:45:36.116#Z#DEBUG#9496fad5-ac11-11f1-9fee-eeee0a8f4579.OPERATION#flowable-async-job-executor-thread-15743#
[BindServiceToApplicationStep] Executing task "bindServiceToApplicationTask" of process "9f9ffe6f-ac11-11f1-ac4f-eeee0a970c81"...#
#2026 09 09 05:45:36.119#Z#DEBUG#9496fad5-ac11-11f1-9fee-eeee0a8f4579.OPERATION#flowable-async-job-executor-thread-15743#
[BindServiceToApplicationStep] Getting async job "f2c10068-4f35-4e14-9ba0-0000e49747b9"#
#2026 09 09 05:45:36.138#Z#DEBUG#9496fad5-ac11-11f1-9fee-eeee0a8f4579.OPERATION#flowable-async-job-executor-thread-15743#
[BindServiceToApplicationStep] Getting service instance "booksodatav4-xsuaa-service"...#
#2026 09 09 05:45:36.260#Z#DEBUG#9496fad5-ac11-11f1-9fee-eeee0a8f4579.OPERATION#flowable-async-job-executor-thread-15743#
[BindServiceToApplicationStep] Async service binding operation with id "f2c10068-4f35-4e14-9ba0-0000e49747b9" finished#
#2026 09 09 05:45:36.262#Z#DEBUG#9496fad5-ac11-11f1-9fee-eeee0a8f4579.OPERATION#flowable-async-job-executor-thread-15743#
Step "Bind Service to Application" finished#
#2026 09 09 05:45:36.383#Z#DEBUG#9496fad5-ac11-11f1-9fee-eeee0a8f4579.OPERATION#flowable-async-job-executor-thread-15743#
[DetermineVcapServicesPropertiesChangedStep] Executing task "determineVcapServicesPropertiesChangedTask" of process "ae43b396-ac11-11f1-ac4f-eeee0a970c81"...#
#2026 09 09 05:45:36.385#Z#DEBUG#9496fad5-ac11-11f1-9fee-eeee0a8f4579.OPERATION#flowable-async-job-executor-thread-15743#
[DetermineVcapServicesPropertiesChangedStep] VCAP_SERVICES properties for application "booksodatav4-srv" changed: true#
#2026 09 09 05:45:36.385#Z#DEBUG#9496fad5-ac11-11f1-9fee-eeee0a8f4579.OPERATION#flowable-async-job-executor-thread-15743#
Step "Determine vcap services properties changed" finished#
#2026 09 09 05:45:36.416#Z#DEBUG#9496fad5-ac11-11f1-9fee-eeee0a8f4579.OPERATION#flowable-async-job-executor-thread-15743#
[UploadAppStep] Executing task "uploadAppTask" of process "ae43b396-ac11-11f1-ac4f-eeee0a970c81"...#
#2026 09 09 05:45:36.418#Z#DEBUG#9496fad5-ac11-11f1-9fee-eeee0a8f4579.OPERATION#flowable-async-job-executor-thread-15743#
[UploadAppStep] Application upload timeout is default one: 3,600 seconds#
#2026 09 09 05:45:36.418#Z#INFO#9496fad5-ac11-11f1-9fee-eeee0a8f4579.OPERATION#flowable-async-job-executor-thread-15743#
[UploadAppStep] Uploading application "booksodatav4-srv"...#
#2026 09 09 05:45:36.423#Z#DEBUG#9496fad5-ac11-11f1-9fee-eeee0a8f4579.OPERATION#flowable-async-job-executor-thread-15743#
[UploadAppStep] Getting application "booksodatav4-srv"...#
#2026 09 09 05:45:36.445#Z#DEBUG#9496fad5-ac11-11f1-9fee-eeee0a8f4579.OPERATION#flowable-async-job-executor-thread-15743#
[UploadAppStep] Getting environment of application "94794315-8dfe-41b9-b31a-fbf91cff2742"...#
#2026 09 09 05:45:36.476#Z#INFO#9496fad5-ac11-11f1-9fee-eeee0a8f4579.OPERATION#flowable-async-job-executor-thread-15743#
[UploadAppStep] Calculating application digest: "booksodatav4-srv"#
#2026 09 09 05:45:36.543#Z#DEBUG#9496fad5-ac11-11f1-9fee-eeee0a8f4579.OPERATION#flowable-async-job-executor-thread-15743#
Step "Upload App" finished#
#2026 09 09 05:45:36.237#Z#DEBUG#9496fad5-ac11-11f1-9fee-eeee0a8f4579.OPERATION#flowable-async-job-executor-thread-15742#
[StageAppStep] Executing task "stageAppTask" of process "a03ed5aa-ac11-11f1-ac4f-eeee0a970c81"...#
#2026 09 09 05:45:36.239#Z#DEBUG#9496fad5-ac11-11f1-9fee-eeee0a8f4579.OPERATION#flowable-async-job-executor-thread-15742#
[StageAppStep] Application stage timeout is default one: 3,600 seconds#
#2026 09 09 05:45:36.241#Z#INFO#9496fad5-ac11-11f1-9fee-eeee0a8f4579.OPERATION#flowable-async-job-executor-thread-15742#
[StageAppStep] Staging application "booksodatav4-db-deployer"...#
#2026 09 09 05:45:36.245#Z#DEBUG#9496fad5-ac11-11f1-9fee-eeee0a8f4579.OPERATION#flowable-async-job-executor-thread-15742#
[StageAppStep] Creating build for package "b9a27808-214d-4048-8a4d-c57a65dfb266"...#
#2026 09 09 05:45:36.624#Z#DEBUG#9496fad5-ac11-11f1-9fee-eeee0a8f4579.OPERATION#flowable-async-job-executor-thread-15742#
Step "Stage App" finished#
#2026 09 09 05:45:45.962#Z#DEBUG#9496fad5-ac11-11f1-9fee-eeee0a8f4579.OPERATION#flowable-async-job-executor-thread-15755#
[StageAppStep] Executing task "stageAppTask" of process "a03ed5aa-ac11-11f1-ac4f-eeee0a970c81"...#
#2026 09 09 05:45:45.965#Z#DEBUG#9496fad5-ac11-11f1-9fee-eeee0a8f4579.OPERATION#flowable-async-job-executor-thread-15755#
[StageAppStep] Application stage timeout is default one: 3,600 seconds#
#2026 09 09 05:45:45.966#Z#DEBUG#9496fad5-ac11-11f1-9fee-eeee0a8f4579.OPERATION#flowable-async-job-executor-thread-15755#
[StageAppStep] Checking status of application "booksodatav4-db-deployer"...#
#2026 09 09 05:45:45.966#Z#DEBUG#9496fad5-ac11-11f1-9fee-eeee0a8f4579.OPERATION#flowable-async-job-executor-thread-15755#
[StageAppStep] Getting build "bf6192ab-b1f6-4df2-b4b3-6df84a056ab7"...#
#2026 09 09 05:45:45.997#Z#DEBUG#9496fad5-ac11-11f1-9fee-eeee0a8f4579.OPERATION#flowable-async-job-executor-thread-15755#
[StageAppStep] Staging status of application "booksodatav4-db-deployer": PENDING#
#2026 09 09 05:45:45.999#Z#DEBUG#9496fad5-ac11-11f1-9fee-eeee0a8f4579.OPERATION#flowable-async-job-executor-thread-15755#
[StageAppStep] Getting application guid "booksodatav4-db-deployer"...#
#2026 09 09 05:45:46.084#Z#DEBUG#9496fad5-ac11-11f1-9fee-eeee0a8f4579.OPERATION#flowable-async-job-executor-thread-15755#
Step "Stage App" finished#
#2026 09 09 05:45:46.023#Z#DEBUG#9496fad5-ac11-11f1-9fee-eeee0a8f4579.OPERATION#flowable-async-job-executor-thread-15750#
[UploadAppStep] Executing task "uploadAppTask" of process "ae43b396-ac11-11f1-ac4f-eeee0a970c81"...#
#2026 09 09 05:45:46.025#Z#DEBUG#9496fad5-ac11-11f1-9fee-eeee0a8f4579.OPERATION#flowable-async-job-executor-thread-15750#
[UploadAppStep] Application upload timeout is default one: 3,600 seconds#
#2026 09 09 05:45:46.027#Z#DEBUG#9496fad5-ac11-11f1-9fee-eeee0a8f4579.OPERATION#pool-14-thread-5#
[UploadAppStep] Upload of application: booksodatav4-srv started on instance: 0#
#2026 09 09 05:45:46.027#Z#DEBUG#9496fad5-ac11-11f1-9fee-eeee0a8f4579.OPERATION#pool-14-thread-5#
[UploadAppStep] Uploading file "booksodatav4-srv/data.zip" for application "booksodatav4-srv"#
#2026 09 09 05:45:46.187#Z#INFO#9496fad5-ac11-11f1-9fee-eeee0a8f4579.OPERATION#pool-14-thread-5#
[UploadAppStep] Time elapsed for app binary download: 159 in millis#
#2026 09 09 05:45:46.187#Z#INFO#9496fad5-ac11-11f1-9fee-eeee0a8f4579.OPERATION#pool-14-thread-5#
[UploadAppStep] Size of app booksodatav4-srv is 4,531,050 bytes#
#2026 09 09 05:45:46.187#Z#DEBUG#9496fad5-ac11-11f1-9fee-eeee0a8f4579.OPERATION#pool-14-thread-5#
[UploadAppStep] Asynchronously uploading binaries for application "booksodatav4-srv"...#
#2026 09 09 05:45:46.401#Z#INFO#9496fad5-ac11-11f1-9fee-eeee0a8f4579.OPERATION#pool-14-thread-5#
[UploadAppStep] Started async upload of application "booksodatav4-srv"#
#2026 09 09 05:45:46.406#Z#INFO#9496fad5-ac11-11f1-9fee-eeee0a8f4579.OPERATION#flowable-async-job-executor-thread-15750#
[UploadAppStep] Time elapsed for upload: 380 in millis#
#2026 09 09 05:45:46.406#Z#DEBUG#9496fad5-ac11-11f1-9fee-eeee0a8f4579.OPERATION#flowable-async-job-executor-thread-15750#
[UploadAppStep] Getting application "booksodatav4-srv"...#
#2026 09 09 05:45:46.435#Z#DEBUG#9496fad5-ac11-11f1-9fee-eeee0a8f4579.OPERATION#flowable-async-job-executor-thread-15750#
[UploadAppStep] Getting environment of application "94794315-8dfe-41b9-b31a-fbf91cff2742"...#
#2026 09 09 05:45:46.442#Z#DEBUG#9496fad5-ac11-11f1-9fee-eeee0a8f4579.OPERATION#App upload monitor: 8fba61f5-42a5-4f99-8be3-bd7b9abd8e63#
[UploadAppStep] Upload status: PROCESSING_UPLOAD#
#2026 09 09 05:45:46.458#Z#DEBUG#9496fad5-ac11-11f1-9fee-eeee0a8f4579.OPERATION#flowable-async-job-executor-thread-15750#
[UploadAppStep] Updating environment of application "booksodatav4-srv"#
#2026 09 09 05:45:46.536#Z#DEBUG#9496fad5-ac11-11f1-9fee-eeee0a8f4579.OPERATION#flowable-async-job-executor-thread-15750#
Step "Upload App" finished#
